Date,Close,High,Low,Open,Volume,Return,MA_7,MA_30,Vol_14,RSI_14,MACD,MACD_Signal,features_assembled,features,probability,prediction,max_prob,distance
2018-02-08,36.37009048461914,37.74144246457728,36.3419613615672,37.57500347364013,217562000,-0.02751679803345075,37.83922522408621,40.06616973876953,0.02010552501983065,29.362749562278736,-0.9375296976893139,-0.5167691923070555,"[36.37009048461914,37.74144246457728,36.3419613615672,37.57500347364013,217562000.0,-0.02751679803345075,37.83922522408621,40.06616973876953,0.02010552501983065,29.362749562278736,-0.9375296976893139,-0.5167691923070555]","[-1.274549545802251,-1.2601480440135635,-1.2683031325173846,-1.255897631987668,2.2458724726017376,-1.5138443927914929,-1.2498624201869604,-1.204941000151914,0.3690658741382372,-2.0286336789380304,-0.6332751192304272,-0.4937957965931043]","[8.414238921548748e-21,0.5561556538678807,0.44384434610133766,1.7288486815427419e-15,3.077968614481363e-11]",1,0.5561556538678807,0.5867070691132404
2018-02-15,40.71745300292969,40.74098830781201,39.77830706391323,39.96425141606839,204588800,0.0335779524771489,38.23937552315848,39.845651372273764,0.026692561996100317,58.27748249618015,-0.4385177901030701,-0.6442979711702196,"[40.71745300292969,40.74098830781201,39.77830706391323,39.96425141606839,204588800.0,0.0335779524771489,38.23937552315848,39.845651372273764,0.026692561996100317,58.27748249618015,-0.4385177901030701,-0.6442979711702196]","[-1.20855794727247,-1.2150458144371272,-1.215572593862884,-1.219589168436096,2.003224359913431,1.71606363751197,-1.2437792191190238,-1.2083069148158088,1.1015718263784262,0.21289342212403112,-0.43100904319420863,-0.5493416257066392]","[5.805444493680378e-18,0.5054771235237514,0.49440694384570677,0.00011593130390048203,1.3266413593013578e-09]",1,0.5054771235237514,0.6822524947132195
2018-05-01,39.80185317993164,39.82538848908301,38.90036787504531,39.16869482178843,214277600,0.023236425894278545,38.76048333304269,39.94535001118978,0.0176224086395817,49.450270887435416,-0.4476097611732186,-0.3301624945391621,"[39.80185317993164,39.82538848908301,38.90036787504531,39.16869482178843,214277600.0,0.023236425894278545,38.76048333304269,39.94535001118978,0.0176224086395817,49.450270887435416,-0.4476097611732186,-0.3301624945391621]","[-1.222456465208054,-1.2288130963466863,-1.229044523157802,-1.2316789298600486,2.184441718330357,1.1693361449459017,-1.2358571868402843,-1.206785149912366,0.09293298841280494,-0.47140942421532156,-0.43469432060710467,-0.41251826976303757]","[3.0962833730542785e-20,0.4078803706367483,0.5921194116153093,1.6415405026294073e-07,5.359389205041576e-08]",2,0.5921194116153093,0.5240469539401255
2018-10-05,53.18161392211914,54.1585135062695,52.30193431480549,54.05181430129419,134322000,-0.01622873454385243,53.91157531738281,52.873603693644206,0.011446155613859458,53.51359291129063,0.722771122806833,0.7119361223597032,"[53.18161392211914,54.1585135062695,52.30193431480549,54.05181430129419,134322000.0,-0.01622873454385243,53.91157531738281,52.873603693644206,0.011446155613859458,53.51359291129063,0.722771122806833,0.7119361223597032]","[-1.0193558966209895,-1.0132951716812093,-1.0233982121070317,-1.0055060025722609,0.6889683240358747,-0.9170761499077869,-1.005525885943526,-1.0094528399564104,-0.5938920772702339,-0.15641269027921204,0.0396998677310408,0.04137325346580242]","[0.0026639767036211437,0.6337128352377958,0.3636180224532327,4.720151085407967e-06,4.4545426484328834e-07]",1,0.6337128352377958,0.4561593668410957
2018-10-11,50.84843826293945,52.04584918417597,50.34339444181971,50.86503776470746,212497600,-0.008828154737645422,53.03833334786551,52.91051483154297,0.01754039404780744,40.696298131754126,0.2004573398600087,0.543255935803646,"[50.84843826293945,52.04584918417597,50.34339444181971,50.86503776470746,212497600.0,-0.008828154737645422,53.03833334786551,52.91051483154297,0.01754039404780744,40.696298131754126,0.2004573398600087,0.543255935803646]","[-1.0547727708180552,-1.0450619378027939,-1.0534519003632368,-1.0539341952562178,2.1511489578252245,-0.5258282612561659,-1.0188011639924257,-1.0088894413502592,0.08381262414862609,-1.1500346502782672,-0.1720112312030634,-0.03209628729828827]","[1.1747091814653005e-20,0.506727270708207,0.49326528259461705,8.02734433471265e-09,7.438669831780036e-06]",1,0.506727270708207,0.6797823457496875
2019-03-22,45.65305709838867,47.23974260703408,45.58853723306248,46.6781882437175,169630800,-0.02070855067884958,45.01640919276646,42.31321690877279,0.016004260866287742,70.32325842404171,1.3791538909214367,1.118281347447414,"[45.65305709838867,47.23974260703408,45.58853723306248,46.6781882437175,169630800.0,-0.02070855067884958,45.01640919276646,42.31321690877279,0.016004260866287742,70.32325842404171,1.3791538909214367,1.118281347447414]","[-1.133637026231809,-1.1173282519516425,-1.1264149266594063,-1.117560104702133,1.349376988150271,-1.153911458797377,-1.1407527849217185,-1.1706428637192638,-0.08701178490669832,1.1467057197283828,0.3057535727949557,0.21835904941732545]","[1.366768908875459e-11,0.3644367869209413,0.6355510526548401,1.2160410550751434e-05,1.749163256139679e-18]",2,0.6355510526548401,0.4532628553798169
2019-08-06,47.25615692138672,47.51282917529694,46.54611356220465,47.09063984703528,143299200,0.018930535340994092,49.150856018066406,48.859985224405925,0.020545396578887428,42.150567166062224,0.15641726900561537,0.5603509280217759,"[47.25615692138672,47.51282917529694,46.54611356220465,47.09063984703528,143299200.0,0.018930535340994092,49.150856018066406,48.859985224405925,0.020545396578887428,42.150567166062224,0.15641726900561537,0.5603509280217759]","[-1.1093024740805053,-1.1132220259628607,-1.1117209697609507,-1.1112922395132943,0.8568760597699625,0.9416957935339032,-1.0778997234563086,-1.0707152983881754,0.4179814239356718,-1.0372968477162043,-0.18986213252356074,-0.02465047369519317]","[2.7069840636153314e-07,0.5944435173528841,0.40499506378427214,1.2141686914973964e-08,0.0005611360227502154]",1,0.5944435173528841,0.5201295743405538
2020-02-10,77.84290313720703,77.84290313720703,75.97884171109904,76.05872699723375,109348800,0.004749777248022502,76.82822745186942,75.2111188252767,0.020741133342166047,60.41690837191186,1.6495262512503786,1.8650189088043339,"[77.84290313720703,77.84290313720703,75.97884171109904,76.05872699723375,109348800.0,0.004749777248022502,76.82822745186942,75.2111188252767,0.020741133342166047,60.41690837191186,1.6495262512503786,1.8650189088043339]","[-0.6450052667265788,-0.6571683330394179,-0.6600773506969237,-0.6710755848186897,0.2218746349084719,0.19199890374411277,-0.6571402841802705,-0.6685008778531798,0.4397481674184167,0.37874593378750315,0.4153444574231629,0.5436045143668057]","[0.5278420406542808,0.19911149241996087,0.27288647758601176,0.00015969481583256241,2.945239139263663e-07]",0,0.5278420406542808,0.6389582035677717
2020-04-20,67.041015625,68.1909265506525,67.02165195482027,67.28794859412912,130015200,-0.02075643756915535,67.75446210588727,62.74324111938476,0.033761971220622675,53.8556580089847,0.8801212338332505,-0.23418433773144012,"[67.041015625,68.1909265506525,67.02165195482027,67.28794859412912,130015200.0,-0.02075643756915535,67.75446210588727,62.74324111938476,0.033761971220622675,53.8556580089847,0.8801212338332505,-0.23418433773144012]","[-0.8089745287945699,-0.8022988583337777,-0.7975249422930475,-0.804361662966102,0.6084148066518832,-1.156443104319328,-0.7950823003948211,-0.85880617108014,1.8877195821052992,-0.12989512954083454,0.1034790862974359,-0.3707144797150356]","[8.542265471590883e-06,0.45333080174704493,1.3867716798225884e-14,0.0016507729812064128,0.5450098830062632]",4,0.5450098830062632,0.6069513486920359
2020-05-04,70.97007751464844,71.09838306103778,69.31420678113763,70.00415476707384,133568000,0.014148953219491833,69.46083504813058,64.8339012145996,0.020756433716551965,59.45080600261586,1.5321743934572254,1.06561241202177,"[70.97007751464844,71.09838306103778,69.31420678113763,70.00415476707384,133568000.0,0.014148953219491833,69.46083504813058,64.8339012145996,0.020756433716551965,59.45080600261586,1.5321743934572254,1.06561241202177]","[-0.7493326025166791,-0.7585813164563426,-0.7623458126716717,-0.763084543468539,0.6748656603162848,0.6889069636799184,-0.7691415233202604,-0.8268950718663783,0.44144963278889576,0.3038517734946296,0.36777785744723124,0.19541881809994044]","[0.6428789609283602,0.34522942801503786,0.007085891896574705,0.004588791865280149,0.00021692729474713466]",0,0.6428789609283602,0.4417988120775653
2020-05-07,73.53134155273438,73.87753081736858,73.10285116327836,73.40545924879912,115215200,0.010344767218364526,71.43937138148716,66.32805913289388,0.02029672059980228,64.18692427858917,2.021206497040808,1.4628050513806585,"[73.53134155273438,73.87753081736858,73.10285116327836,73.40545924879912,115215200.0,0.010344767218364526,71.43937138148716,66.32805913289388,0.02029672059980228,64.18692427858917,2.021206497040808,1.4628050513806585]","[-0.71045341831747,-0.7167930702738152,-0.7042092698598592,-0.7113962537730765,0.33159859571033135,0.48779032417948637,-0.739063239325645,-0.8040887717505211,0.3903276191194455,0.6710049992808685,0.5659987879377396,0.36841815728953026]","[0.5392024521005331,0.22287600932021578,0.23693070226246932,0.0009907876399321276,4.867684985514305e-08]",0,0.5392024521005331,0.617664169875596
2020-05-19,76.01216125488281,77.31810575212776,75.98060363958615,76.47093934712166,101729600,-0.005778481368873156,75.57661546979632,70.2925417582194,0.013952675742735232,64.24341510521847,2.5742946421614903,2.383622331290166,"[76.01216125488281,77.31810575212776,75.98060363958615,76.47093934712166,101729600.0,-0.005778481368873156,75.57661546979632,70.2925417582194,0.013952675742735232,64.24341510521847,2.5742946421614903,2.383622331290166]","[-0.6727953538888856,-0.6650593716765981,-0.6600503139997332,-0.6648113554703526,0.07936665690807518,-0.36460058749897134,-0.6761676530555194,-0.7435763055310918,-0.31515659720145084,0.6753842795301601,0.7901837565025959,0.7694849575097682]","[0.5991929756203299,0.3894998001411964,0.011284154644893088,2.306958515225136e-05,8.42836406608811e-12]",0,0.5991929756203299,0.5121715681089536
2020-07-17,93.53084564208984,94.32703847766768,93.05749615234998,94.17168757232892,92186800,-0.0020201738980930584,93.59880937848773,87.956431833903,0.01193306626197612,68.36347294149809,3.2284863537055344,3.256049641936451,"[93.53084564208984,94.32703847766768,93.05749615234998,94.17168757232892,92186800.0,-0.0020201738980930584,93.59880937848773,87.956431833903,0.01193306626197612,68.36347294149809,3.2284863537055344,3.256049641936451]","[-0.40686722344629567,-0.4093070582496523,-0.39800632345236825,-0.3958200296403069,-0.09911994699550865,-0.16590941716485108,-0.40218902680910784,-0.4739609098977835,-0.539745584812472,0.9947792854973753,1.0553493536713623,1.1494752525876792]","[0.3352808988737798,0.043420112601594826,0.6212954434504264,3.5450741981735494e-06,7.540773625102791e-16]",2,0.6212954434504264,0.47594855422582383
2020-07-22,94.44837951660156,95.13048319018024,93.7978334534124,93.88521692105434,89001600,0.0028091855889160744,94.3589335850307,89.2637570699056,0.012720769204646378,66.88457912459194,3.030425496738829,3.1923514673146247,"[94.44837951660156,95.13048319018024,93.7978334534124,93.88521692105434,89001600.0,0.0028091855889160744,94.3589335850307,89.2637570699056,0.012720769204646378,66.88457912459194,3.030425496738829,3.1923514673146247]","[-0.39293934721577084,-0.39722618008689786,-0.38664588767188546,-0.4001734117299979,-0.15869528450165937,0.08940526794228862,-0.39063339784737244,-0.4540063580286303,-0.4521497361506603,0.8801325212417191,0.9750687195902956,1.1217311782389046]","[0.590924204341572,0.026384773536609646,0.3826830798863769,7.942235393809853e-06,4.7551087308561905e-14]",0,0.590924204341572,0.5260675179535449
2020-10-14,117.88367462158205,119.67347184273213,116.35650794568298,117.69885586154554,150712000,0.000743275176390279,114.90159606933594,112.07751592000325,0.02699798338784089,57.61323641560733,1.5168218942486078,0.5554948164851528,"[117.88367462158205,119.67347184273213,116.35650794568298,117.69885586154554,150712000.0,0.000743275176390279,114.90159606933594,112.07751592000325,0.02699798338784089,57.61323641560733,1.5168218942486078,0.5554948164851528]","[-0.03719892311241665,-0.02818914363156239,-0.04048424959895819,-0.03828688411312757,0.9955235738556067,-0.019813618713888575,-0.07833787625833001,-0.10578517957375222,1.1355359574737023,0.16139975642834997,0.36155498034737055,-0.026765578567787898]","[0.000986097940049743,4.3540110339529385e-08,2.6268140682256247e-17,0.42527891670708007,0.5737349418127599]",4,0.5737349418127599,0.5555877614153473
2020-10-15,117.416748046875,117.893377623133,114.92659320785734,115.48104197814634,112559200,-0.0039609095678933,115.95073808942523,111.73090413411458,0.025813127424043784,56.8241356634602,1.64789483919958,0.7739748210280383,"[117.416748046875,117.893377623133,114.92659320785734,115.48104197814634,112559200.0,-0.0039609095678933,115.95073808942523,111.73090413411458,0.025813127424043784,56.8241356634602,1.64789483919958,0.7739748210280383]","[-0.04428672196313861,-0.05495526835711935,-0.06242621379193161,-0.0719901315323676,0.2819213081251447,-0.2685106664079695,-0.06238851455143888,-0.11107573977216448,1.0037750383904487,0.1002271104471581,0.4146831920126653,0.0683945343513891]","[0.45744410866495283,1.533868670506838e-06,5.156906113008874e-19,0.04159868509941586,0.5009556723669608]",4,0.5009556723669608,0.6912376581249837
2020-10-29,112.1738052368164,113.73988133267714,109.13892333116604,109.30429098085882,146129200,0.03705023211676073,111.97788347516742,111.9740837097168,0.02721569971062315,49.04424019097605,-0.15170188415741848,0.40223997386453386,"[112.1738052368164,113.73988133267714,109.13892333116604,109.30429098085882,146129200.0,0.03705023211676073,111.97788347516742,111.9740837097168,0.02721569971062315,49.04424019097605,-0.15170188415741848,0.40223997386453386]","[-0.12387294822762025,-0.11740870398622669,-0.1512376945297408,-0.16585579296900277,0.9098078082135159,1.8996333189937806,-0.12278500429102282,-0.10736393239536313,1.1597469195363694,-0.5028857242751325,-0.3147530441720336,-0.09351652980335576]","[0.0005617893898485672,5.533256912192396e-06,1.425477839410737e-16,0.34638870483145046,0.6530439725217887]",4,0.6530439725217887,0.4261108112045578
2020-11-02,105.80250549316406,107.66039994190102,104.39206773628062,106.13323338437137,122866900,-0.0008269194896572962,109.89487893240792,111.99710439046224,0.023653941274378552,40.25743902214958,-1.0866837599468226,-0.06811982882555287,"[105.80250549316406,107.66039994190102,104.39206773628062,106.13323338437137,122866900.0,-0.0008269194896572962,109.89487893240792,111.99710439046224,0.023653941274378552,40.25743902214958,-1.0866837599468226,-0.06811982882555287]","[-0.22058727858887064,-0.20882193109555455,-0.22407793649449756,-0.21404511108765037,0.4747144471469173,-0.10282540481041796,-0.15445144434719466,-0.1070125528339903,0.7636645437443339,-1.1840558736447533,-0.6937322074061719,-0.29838421108283236]","[0.6338457162623057,1.8316227074310948e-08,2.989930884801173e-20,0.004393587846875345,0.3617606775745919]",0,0.6338457162623057,0.455949702325591
2020-11-12,116.15774536132812,117.44394777392752,115.5341325209194,116.5572512865548,103162300,-0.002343260387340451,114.5969009399414,113.10072758992513,0.029357810180154195,55.95289361911994,0.6030243347636031,0.016666122151728982,"[116.15774536132812,117.44394777392752,115.5341325209194,116.5572512865548,103162300.0,-0.002343260387340451,114.5969009399414,113.10072758992513,0.029357810180154195,55.95289361911994,0.6030243347636031,0.016666122151728982]","[-0.0633979875690291,-0.06171305413428533,-0.05310355594360266,-0.05563540092684596,0.10616358835509959,-0.1829900932848339,-0.0829699401123998,-0.09016723709219333,1.3979585274171749,0.032686709557489695,-0.008837476903884263,-0.2614552450392866]","[0.5189252021825371,6.796099106233954e-08,1.9167327816555904e-19,0.025962467090955968,0.4551122627655158]",0,0.5189252021825371,0.6559955233841368
2021-01-07,127.5679168701172,128.25974454135618,124.58626762143852,125.07346559980046,109578200,0.03412301627845937,127.95489065987724,122.9418108622233,0.021428607740668546,55.983065210944645,2.4720397378831365,3.020695597545401,"[127.5679168701172,128.25974454135618,124.58626762143852,125.07346559980046,109578200.0,0.03412301627845937,127.95489065987724,122.9418108622233,0.021428607740668546,55.983065210944645,2.4720397378831365,3.020695597545401]","[0.10980483464616893,0.10091708201011854,0.08580096681666825,0.07378216662606116,0.22616528617806594,1.7448796312621204,0.12010209936425488,0.06004359124474206,0.5161981844336556,0.03502567083760453,0.7487364524815647,1.0469655630300652]","[0.3690793058744952,3.804310522314996e-08,5.624988384485665e-10,0.4297621225290229,0.20115853299087785]",3,0.4297621225290229,0.8445234244620061
2021-01-11,125.6775894165039,126.8371230123308,125.20988350887804,125.882219114398,100384500,-0.023248931627479208,126.90254538399833,123.91068572998047,0.022021808710627984,51.89596484838994,2.134820130435429,2.7493776889722095,"[125.6775894165039,126.8371230123308,125.20988350887804,125.882219114398,100384500.0,-0.023248931627479208,126.90254538399833,123.91068572998047,0.022021808710627984,51.89596484838994,2.134820130435429,2.7493776889722095]","[0.08111025721370065,0.07952604278089671,0.09537031882794576,0.08607247647022338,0.05420817816905617,-1.2882142713538374,0.1041040408324821,0.07483215591935595,0.58216460346779,-0.2818144067923579,0.6120501615855235,0.9287916236307189]","[0.17666748785754063,4.528674303195954e-09,2.8509881814778092e-18,0.4860906363287598,0.33724187128502525]",3,0.4860906363287598,0.7213601759087308
2021-01-22,135.50926208496094,136.26928979361904,131.56295521732648,132.79068885405798,114459400,0.016073803872339587,128.4448754446847,126.40448939005533,0.023018646870430353,65.72501120252244,2.1384784225991638,1.771222807898495,"[135.50926208496094,136.26928979361904,131.56295521732648,132.79068885405798,114459400.0,0.016073803872339587,128.4448754446847,126.40448939005533,0.023018646870430353,65.72501120252244,2.1384784225991638,1.771222807898495]","[0.23035196247300266,0.22135143029160428,0.1928578600460614,0.19105778054236972,0.3174622651542756,0.7906684166494201,0.12755099037626705,0.11289669649122401,0.6930171594965415,0.7902405298896725,0.6135329887279295,0.5027511302218685]","[0.41616524912572694,9.474616130063655e-10,6.645045356753402e-19,0.5723323174418293,0.011502432484982214]",3,0.5723323174418293,0.5580354800068257
2021-02-01,130.7054443359375,131.9137004094463,127.57762745979004,130.32543059099427,106239800,0.016519863519592004,135.07911900111608,129.21172434488932,0.023185620194260653,52.16773145424256,2.5004870423413195,2.687353819161411,"[130.7054443359375,131.9137004094463,127.57762745979004,130.32543059099427,106239800.0,0.016519863519592004,135.07911900111608,129.21172434488932,0.023185620194260653,52.16773145424256,2.5004870423413195,2.687353819161411]","[0.15743151680771045,0.15585925160438086,0.13170322149320632,0.15359421797100747,0.16372452681270944,0.8142503385758375,0.2284066878004636,0.1557453419334385,0.7115852886890224,-0.26074652373167495,0.760267088442531,0.9017768015318783]","[0.012402866310554119,1.3507970043887205e-08,5.1280801215266466e-18,0.5583321526051098,0.42926496757636595]",3,0.5583321526051098,0.5828012363393842
2021-03-22,120.4103775024414,120.87878973760397,117.35596342731434,117.42427276940472,111912300,0.028335670080415598,119.78722708565849,122.86139678955078,0.024074218781537853,47.85479179206813,-1.8823823975316998,-2.289288403442267,"[120.4103775024414,120.87878973760397,117.35596342731434,117.42427276940472,111912300.0,0.028335670080415598,119.78722708565849,122.86139678955078,0.024074218781537853,47.85479179206813,-1.8823823975316998,-2.289288403442267]","[0.0011556335677359196,-0.010065558512932673,-0.025147659374163717,-0.04245961563078672,0.2698218211752738,1.4389188768112988,-0.004065094543703325,0.0588161791670404,0.8104011533452715,-0.5950941090996379,-1.0162552548223154,-1.2658258440839187]","[0.4065358788507895,9.399513012423912e-16,1.3780842995298784e-19,0.004699058969956178,0.5887650621792534]",4,0.5887650621792534,0.5297280489609604
2021-03-31,119.20033264160156,120.53724522159465,118.2244805650353,118.71240660331844,118323800,0.01876567183108291,118.19937896728516,119.77217432657878,0.017159753649155198,47.755595163371616,-1.4823177645875631,-1.7853434543403284,"[119.20033264160156,120.53724522159465,118.2244805650353,118.71240660331844,118323800.0,0.01876567183108291,118.19937896728516,119.77217432657878,0.017159753649155198,47.755595163371616,-1.4823177645875631,-1.7853434543403284]","[-0.017212467625398544,-0.015201142356856523,-0.011820310943700332,-0.022884351160466058,0.3897412222868792,0.9329799223646812,-0.028204022820913416,0.011663375736719788,0.041483826135145736,-0.602784027317645,-0.8540957908169492,-1.0463299759749625]","[0.6350645851032348,1.2703605430755175e-18,4.1672767962245015e-19,0.01082887553236619,0.354106539364399]",0,0.6350645851032348,0.45402857486280235
2021-07-28,141.7193145751953,143.66456373234172,139.3341891527353,141.55313976010396,118931200,-0.01219615438202415,143.505375453404,137.61379572550456,0.015385269265470682,56.600072437935204,3.3184599044711263,3.765291802693622,"[141.7193145751953,143.66456373234172,139.3341891527353,141.55313976010396,118931200.0,-0.01219615438202415,143.505375453404,137.61379572550456,0.015385269265470682,56.600072437935204,3.3184599044711263,3.765291802693622]","[0.3246186101377284,0.33254937838004256,0.31210702381456046,0.3242173089843035,0.4011019092143047,-0.703884951995098,0.35650508574769985,0.2839915996783484,-0.15584622953159477,0.0828572874744274,1.0918186177986047,1.3712783490415057]","[0.6343603191931176,3.210115097376611e-08,5.864256515660991e-10,0.3458400390241295,0.019799609095176435]",0,0.6343603191931176,0.45513815760200993
2021-08-18,143.28265380859375,147.5509815993363,143.07706266924538,146.65032719515608,86326000,-0.025501201289054642,145.04481288364954,143.44436950683593,0.010794319244748026,52.05863598908964,1.835904665529256,2.0523603589378476,"[143.28265380859375,147.5509815993363,143.07706266924538,146.65032719515608,86326000.0,-0.025501201289054642,145.04481288364954,143.44436950683593,0.010794319244748026,52.05863598908964,1.835904665529256,2.0523603589378476]","[0.34834960901848844,0.39098692860535383,0.3695412151726938,0.40167726653606206,-0.20873916652836316,-1.4072854485913848,0.3799080606833746,0.37298742393265066,-0.6663789969551992,-0.2692038192668705,0.4908898100308578,0.625202066446901]","[0.5867816125926321,5.565793385160096e-18,1.1530023499280606e-18,0.031112454363096637,0.3821059330442712]",0,0.5867816125926321,0.5331025665500995
2021-09-10,145.83778381347656,152.21090030495253,145.57345660401688,151.74099688432676,140893200,-0.033101634838599625,150.38441903250558,146.19261779785157,0.014748576841207636,47.678100589450544,1.950073442337839,2.069607075510436,"[145.83778381347656,152.21090030495253,145.57345660401688,151.74099688432676,140893200.0,-0.033101634838599625,150.38441903250558,146.19261779785157,0.014748576841207636,47.678100589450544,1.950073442337839,2.069607075510436]","[0.38713568051895114,0.46105511034102004,0.40784824487126564,0.47903817646092006,0.8118747216939237,-1.8090990438724412,0.4610823042173403,0.41493571771765203,-0.22664907946231358,-0.6087915594648874,0.5371662017158315,0.6327139643890781]","[8.89750101544628e-08,3.395018833682955e-17,1.9825499509989946e-18,0.36738391454127395,0.6326159964837159]",4,0.6326159964837159,0.45789167996414
2021-12-28,175.77642822265625,177.77645850319618,175.03132740898585,176.62938891278105,79144300,-0.005767140306762064,171.62933131626673,164.14036356608074,0.02013204418941866,64.96690452206877,5.015726009281536,5.076902811180018,"[175.77642822265625,177.77645850319618,175.03132740898585,176.62938891278105,79144300.0,-0.005767140306762064,171.62933131626673,164.14036356608074,0.02013204418941866,64.96690452206877,5.015726009281536,5.076902811180018]","[0.8415949058665197,0.8454678632607939,0.8598776766307709,0.8572573050725566,-0.3430642328877512,-0.3640010173676811,0.7840536312222794,0.6888837866477556,0.37201491627078725,0.7314706054495024,1.7797768604582684,1.94255740926828]","[0.4407331848410921,5.546022703406121e-19,5.546020822226255e-19,0.5574629100927924,0.001803905066115398]",3,0.5574629100927924,0.5843593050487111
2022-01-04,176.1783905029297,179.35490114678188,175.60975505040156,179.05097865451486,99310400,-0.012691746939787696,175.9795139857701,168.1910598754883,0.01840257895461813,61.91471853043775,4.589930033031607,4.836385683575373,"[176.1783905029297,179.35490114678188,175.60975505040156,179.05097865451486,99310400.0,-0.012691746939787696,175.9795139857701,168.1910598754883,0.01840257895461813,61.91471853043775,4.589930033031607,4.836385683575373]","[0.8476965671179556,0.8692018837441969,0.8687536174546756,0.8940572542587605,0.03411842869795341,-0.7300855399130632,0.8501863716505519,0.7507121881704045,0.1796911775020859,0.49485913013819305,1.607187629622731,1.8377989117126765]","[0.4485225870518598,1.5900745981593355e-19,1.5900560616263089e-19,0.5507690418661763,0.0007083710819640217]",3,0.5507690418661763,0.5964397176538045
2022-01-06,168.62930297851562,171.8646356206371,168.27635732737943,169.31558203356892,96904000,-0.016693177261161485,174.2007838657924,168.99139353434245,0.015467413834130424,49.116339472283826,3.3542365475499025,4.414294843759745,"[168.62930297851562,171.8646356206371,168.27635732737943,169.31558203356892,96904000.0,-0.016693177261161485,174.2007838657924,168.99139353434245,0.015467413834130424,49.116339472283826,3.3542365475499025,4.414294843759745]","[0.73310378791469,0.7565756086330513,0.7562230266475157,0.7461122515260337,-0.01089039089729999,-0.94162993316601,0.8231455997443312,0.7629281992045576,-0.14671141129628867,-0.4972964458478364,1.1063200777823863,1.6539550306076614]","[0.22074313129646722,2.6645169337170777e-18,2.664515549700987e-18,0.5977887058210513,0.18146816288248152]",3,0.5977887058210513,0.5145179205435093
2022-01-13,168.81556701660156,173.15874440691425,168.42339690566672,172.33520961359125,84505800,-0.019028206792651825,170.04107883998327,170.89010670979818,0.01520772767833089,48.83395779542384,1.6235840076610373,2.829185222420932,"[168.81556701660156,173.15874440691425,168.42339690566672,172.33520961359125,84505800.0,-0.019028206792651825,170.04107883998327,170.89010670979818,0.01520772767833089,48.83395779542384,1.6235840076610373,2.829185222420932]","[0.7359312175505052,0.7760342849213963,0.758479341011151,0.7920003470985397,-0.24278381971456672,-1.0650763925053912,0.7599085557786761,0.7919094882525115,-0.1755895936296838,-0.5191872301401192,0.4048292057134931,0.9635522137848203]","[0.2603255671356742,4.783423749316345e-19,4.783423743139717e-19,0.10573201927023133,0.6339424135940945]",4,0.6339424135940945,0.455797157386028
2022-02-07,168.5103759765625,170.75835233330088,167.8133965069876,169.68835531132382,77251200,-0.0042345406984507505,169.88257925851005,168.62401479085287,0.02280279919944676,52.92495043104423,0.39330813921608865,-0.3959563861517117,"[168.5103759765625,170.75835233330088,167.8133965069876,169.68835531132382,77251200.0,-0.0042345406984507505,169.88257925851005,168.62401479085287,0.02280279919944676,52.92495043104423,0.39330813921608865,-0.3959563861517117]","[0.7312985133524271,0.7399411428139842,0.7491189179373461,0.7517771407692186,-0.37847239295082225,-0.28297677648358377,0.7574989991057939,0.7573206594809286,0.6690139992983725,-0.20204541582867333,-0.0938424062648312,-0.4411751446488735]","[0.4738536762535961,9.78574609343999e-20,9.78574609343999e-20,0.004613742037612721,0.5215325817087912]",4,0.5215325817087912,0.6509835276650513
2022-03-17,157.6729278564453,158.04596038224682,154.73779817864818,155.6998128738619,75615400,0.0064537889968161455,154.55690002441406,162.10739339192708,0.022484202109233544,47.3751396213931,-3.0126432098609826,-2.8460135013886405,"[157.6729278564453,158.04596038224682,154.73779817864818,155.6998128738619,75615400.0,0.0064537889968161455,154.55690002441406,162.10739339192708,0.022484202109233544,47.3751396213931,-3.0126432098609826,-2.8460135013886405]","[0.5667894524176983,0.5487931323459166,0.5484745698985255,0.5391987497990436,-0.40906806577907834,0.28208522352055826,0.5245135721303464,0.6578532460665669,0.6335846756452134,-0.6322776909818947,-1.4743874475252357,-1.5083103830986444]","[0.5861632061444813,3.6148966414165316e-20,3.6148966414165316e-20,0.0006764659961128365,0.4131603278594059]",0,0.5861632061444813,0.5341570176965071
2022-03-22,165.72250366210938,166.31148589554496,161.88424061211234,162.4732228455479,81532000,0.020800636722727583,157.63929530552454,161.50040791829426,0.023154445355657364,57.25773257303581,-1.082580471347086,-2.278842753295661,"[165.72250366210938,166.31148589554496,161.88424061211234,162.4732228455479,81532000.0,0.020800636722727583,157.63929530552454,161.50040791829426,0.023154445355657364,57.25773257303581,-1.082580471347086,-2.278842753295661]","[0.6889794866430607,0.6730764901453896,0.658136341914849,0.642131603568446,-0.29840517431578206,1.0405628061636487,0.5713730404584392,0.6485884336206115,0.7081185167672457,0.13384039769322337,-0.6920690084498035,-1.2612761863267021]","[0.3648415772223207,1.0373310823531703e-19,1.0373310823531703e-19,0.0018854703727841696,0.6332729524048951]",4,0.6332729524048951,0.45685374376966276
2022-03-23,167.08697509765625,169.47238200494985,164.57393367238456,164.9077066995065,98062700,0.008233471045844709,160.38651384626115,161.34923400878907,0.02320697907650806,58.775127092416405,-0.3698233793361396,-1.8970388785037569,"[167.08697509765625,169.47238200494985,164.57393367238456,164.9077066995065,98062700.0,0.008233471045844709,160.38651384626115,161.34923400878907,0.02320697907650806,58.775127092416405,-0.3698233793361396,-1.8970388785037569]","[0.7096917347706808,0.7206048392503669,0.6994095362231508,0.6791274995190815,0.010781699887698396,0.3761720197428784,0.613137054629139,0.6462809683201574,0.7139604853724153,0.2514718123070092,-0.40316492023799283,-1.0949795043296768]","[0.32771631490097486,8.88893147718261e-19,8.88893147718261e-19,0.024569746294100744,0.6477139388049243]",4,0.6477139388049243,0.43430613101633164
2022-03-29,175.67642211914062,175.7254927287122,173.10448407991993,173.44806821983224,100589400,0.019134244037627424,169.3714359828404,161.91957346598306,0.019700101019770027,67.51195654210537,2.5684015620748255,0.2375566668122246,"[175.67642211914062,175.7254927287122,173.10448407991993,173.44806821983224,100589400.0,0.019134244037627424,169.3714359828404,161.91957346598306,0.019700101019770027,67.51195654210537,2.5684015620748255,0.2375566668122246]","[0.8400768446038728,0.8146288182690915,0.8303103701240039,0.8089120227037463,0.05804058638675373,0.9524653007272339,0.7497284505703283,0.6549864288805314,0.3239810364038642,0.9287680554922142,0.7877950956975612,-0.165245208717426]","[0.621201174308259,4.6674390747577285e-18,4.6674390747577285e-18,0.32016376714219835,0.05863505854954272]",0,0.621201174308259,0.4761002957128414
2022-03-31,171.40628051757812,174.763529034082,171.20012697779308,174.5770127311391,103049300,-0.017775517193830748,171.9209245954241,162.14993489583333,0.016815682215742898,59.53895251803433,3.086818390092617,1.2521366573539399,"[171.40628051757812,174.763529034082,171.20012697779308,174.5770127311391,103049300.0,-0.017775517193830748,171.9209245954241,162.14993489583333,0.016815682215742898,59.53895251803433,3.086818390092617,1.2521366573539399]","[0.7752574353531487,0.8001643927637226,0.8010881135515304,0.8260681494968796,0.10405005917696476,-0.9988502084078255,0.7884865169436842,0.65850258459604,0.003221649396454557,0.31068506514654787,0.9979266295551562,0.27666043233878246]","[0.42624044718611726,3.3116470838042288e-18,3.3116470838042288e-18,0.31656607242584,0.25719348038804263]",0,0.42624044718611726,0.8527516595830201
2022-04-27,153.697265625,156.85817138310125,152.52909731194325,153.0493716898695,88063200,-0.0014667657992565308,159.7414289202009,165.55430348714194,0.0174272035040725,34.68328095696175,-2.3335174034461375,-0.7597683118535272,"[153.697265625,156.85817138310125,152.52909731194325,153.0493716898695,88063200.0,-0.0014667657992565308,159.7414289202009,165.55430348714194,0.0174272035040725,34.68328095696175,-2.3335174034461375,-0.7597683118535272]","[0.5064401475776891,0.5309331178878424,0.5145821747450051,0.4989210350354733,-0.1762469285791967,-0.13665228381823144,0.603330286221824,0.7104656675123471,0.07122536415269082,-1.6161755960466406,-1.1991152347580025,-0.5996353387685249]","[0.5341545592509058,2.416161810313251e-19,2.4161618103129702e-19,0.007691077427005623,0.4581543633220886]",0,0.5341545592509058,0.6270700432291256
2022-05-03,156.55386352539062,157.76130632227486,153.4518544553603,155.24826451156082,88966500,0.0096226902104255,156.36033630371094,165.19959767659506,0.02308513145847503,42.82449083399099,-2.693083095043619,-1.82141165961855,"[156.55386352539062,157.76130632227486,153.4518544553603,155.24826451156082,88966500.0,0.0096226902104255,156.36033630371094,165.19959767659506,0.02308513145847503,42.82449083399099,-2.693083095043619,-1.82141165961855]","[0.5498024071108215,0.5445129734706401,0.5287418331246757,0.5323367465036811,-0.15935178781274373,0.44961613888618324,0.5519299342463045,0.7050515629728448,0.700410522650629,-0.9850529563697848,-1.3448591346750647,-1.062039672128845]","[0.6022438012101495,2.2838929201553726e-20,2.2838929201553726e-20,0.001262042453300279,0.39649415633655016]",0,0.6022438012101495,0.5070929285983918
2022-06-02,148.65370178222656,148.712685042506,144.37723540201858,145.33083811208033,72348100,0.01681122384812017,143.6806400844029,148.77884470621746,0.02741644578853623,51.16043363769422,-3.0239440075185087,-4.558488943554538,"[148.65370178222656,148.712685042506,144.37723540201858,145.33083811208033,72348100.0,0.01681122384812017,143.6806400844029,148.77884470621746,0.02741644578853623,51.16043363769422,-3.0239440075185087,-4.558488943554538]","[0.42988043145790955,0.4084547114404622,0.3894922953263055,0.381625508646564,-0.4701789851040332,0.8296537416008113,0.3591695095727872,0.4544109741933744,1.1820707196744216,-0.3388342363104231,-1.4789680356104449,-2.254188051806936]","[0.4839238809843827,5.671362624870698e-19,5.671362624870698e-19,0.00016733616799727952,0.51590878284762]",4,0.51590878284762,0.6618253046163114
2022-06-29,136.87623596191406,138.29189436889533,134.35951657209444,135.13616958742787,66242400,0.013023835699512043,136.155757359096,138.62613321940105,0.026879916105343384,47.13880132295834,-2.596896432715681,-3.493824559166645,"[136.87623596191406,138.29189436889533,134.35951657209444,135.13616958742787,66242400.0,0.013023835699512043,136.155757359096,138.62613321940105,0.026879916105343384,47.13880132295834,-2.596896432715681,-3.493824559166645]","[0.2511021968757333,0.25176402628583155,0.23577094254430903,0.226701130990094,-0.584378764776049,0.6294251574290303,0.244774056822127,0.29944356256771626,1.1224063838117024,-0.6505991018063156,-1.3058714903717465,-1.790467890086182]","[0.5475991977725131,1.6639420924587774e-19,1.6639410998406497e-19,0.00030011437675082474,0.4521006878507361]",0,0.5475991977725131,0.6022116487308693
2022-07-27,154.13934326171875,154.67022256546406,149.5876270137746,150.0005248051165,78620700,0.0342346540946441,150.94991629464286,141.2234634399414,0.016188871308910523,64.35622362702554,3.2165383965695753,2.3003458186150327,"[154.13934326171875,154.67022256546406,149.5876270137746,150.0005248051165,78620700.0,0.0342346540946441,150.94991629464286,141.2234634399414,0.016188871308910523,64.35622362702554,3.2165383965695753,2.3003458186150327]","[0.5131507473490363,0.498034347529945,0.4694454723600402,0.4525889051532681,-0.3528575415397104,1.7507816093529882,0.4696791578419016,0.3390882960890912,-0.06648233463124774,0.6841294185373,1.0505064503862904,0.7332134352427252]","[0.5763744660738628,3.8580576184160186e-18,3.825558703374946e-18,0.3985453410352097,0.02508019289092761]",0,0.5763744660738628,0.5509977130727189
2022-10-06,143.16998291015625,145.24719370943012,142.96325476225735,143.54408244476417,68402200,-0.006625680095115438,142.17006356375558,151.1014628092448,0.022624630837408486,41.06790222841527,-3.8808461260406375,-3.528579563142314,"[143.16998291015625,145.24719370943012,142.96325476225735,143.54408244476417,68402200.0,-0.006625680095115438,142.17006356375558,151.1014628092448,0.022624630837408486,41.06790222841527,-3.8808461260406375,-3.528579563142314]","[0.3466393001440018,0.35634636108733614,0.36779483900497495,0.35447288380998915,-0.543982301776619,-0.4093896069529106,0.3362052865673157,0.4898625987262317,0.6492009352205343,-1.121227168105225,-1.826298883683722,-1.8056056145189088]","[0.45723708966443266,2.633976224713393e-19,2.633976224713393e-19,0.0004453592696231816,0.542317551065944]",4,0.542317551065944,0.6119035596881273
2022-12-05,144.5908203125,148.82115263004172,143.7427797370437,145.7149657221435,68826400,-0.00798311586070588,144.2907496861049,144.89851938883464,0.019745624882037325,49.531666611294945,0.19199700896479044,0.2742020677398651,"[144.5908203125,148.82115263004172,143.7427797370437,145.7149657221435,68826400.0,-0.00798311586070588,144.2907496861049,144.89851938883464,0.019745624882037325,49.531666611294945,0.19199700896479044,0.2742020677398651]","[0.3682071659561227,0.41008566835538063,0.379756607515942,0.38746294522292696,-0.536048150649497,-0.4811534269744201,0.36844457294081834,0.3951830554761763,0.32904347953267793,-0.46509946723391776,-0.17544048390450928,-0.14928411196837188]","[0.650242387119475,1.7876593488580602e-17,3.170082966122303e-19,0.033644279394440015,0.316113333486085]",0,0.650242387119475,0.4304100808049763
2022-12-22,130.39108276367188,132.68868142818795,128.48793035610765,132.48161030905115,77852100,-0.023772476980373325,133.3437238420759,142.14266967773438,0.018734240243587295,36.10103834790912,-3.3996599007587633,-2.2398444370046473,"[130.39108276367188,132.68868142818795,128.48793035610765,132.48161030905115,77852100.0,-0.023772476980373325,133.3437238420759,142.14266967773438,0.018734240243587295,36.10103834790912,-3.3996599007587633,-2.2398444370046473]","[0.15265960680877025,0.16751213962524605,0.1456717701257869,0.18636083516191337,-0.3672332807106345,-1.3158926451160378,0.20202470655681443,0.3531187362927655,0.2165732944801432,-1.5062682480588767,-1.6312581478799906,-1.2442902649391814]","[0.37987656098706146,2.2861797897986117e-18,2.2861797772731583e-18,0.03958820019735663,0.5805352388155819]",4,0.5805352388155819,0.5438047737167291
2022-12-29,127.80751037597656,128.6654064445158,125.95365830174214,126.2100370570361,75703700,0.028324368840223046,129.2514365059989,139.6001958211263,0.02092465484062592,36.86044290372471,-4.38519848848037,-3.3533274780580484,"[127.80751037597656,128.6654064445158,125.95365830174214,126.2100370570361,75703700.0,0.028324368840223046,129.2514365059989,139.6001958211263,0.02092465484062592,36.86044290372471,-4.38519848848037,-3.3533274780580484]","[0.11344178886436883,0.10701675750865623,0.10678350273391536,0.09105419712401622,-0.40741652041244736,1.4383214119531031,0.13981256589156218,0.3143113109861291,0.4601565225665953,-1.4473977097619501,-2.030729623189974,-1.729273648850781]","[0.6398907748631115,7.65154197308865e-19,7.65154197308593e-19,0.0028646398134952833,0.35724458532339315]",0,0.6398907748631115,0.4464577799068459
2023-08-04,179.981689453125,185.31220853119976,179.91245468139763,183.47273360328956,115956800,-0.04801997698191962,190.28386579241072,189.30101318359374,0.014747072957795558,33.20649840991041,0.8810786628079939,2.1562667228584145,"[179.981689453125,185.31220853119976,179.91245468139763,183.47273360328956,115956800.0,-0.04801997698191962,190.28386579241072,189.30101318359374,0.014747072957795558,33.20649840991041,0.8810786628079939,2.1562667228584145]","[0.9054294514479159,0.9587780593893936,0.934778310213628,0.9612529293247812,0.34546933233426746,-2.5977899327756373,1.0676452824349236,1.072927079034146,-0.22681631756265988,-1.7306586905008836,0.10386716401434139,0.6704590287231049]","[4.6884545990465206e-07,2.4068890794393142e-17,2.4068890794393142e-17,0.4089359416109092,0.5910635895436308]",4,0.5910635895436308,0.5258316691517381
2023-09-13,172.5201873779297,175.58021106580875,172.29240747476095,174.7978655233742,84267900,-0.011854823379807145,178.00219944545202,178.7581771850586,0.018333029949575575,37.82656530404182,-1.4840250361990286,-0.8730794602114398,"[172.5201873779297,175.58021106580875,172.29240747476095,174.7978655233742,84267900.0,-0.011854823379807145,178.00219944545202,178.7581771850586,0.018333029949575575,37.82656530404182,-1.4840250361990286,-0.8730794602114398]","[0.7921661918735172,0.8124443119284744,0.8178490986083015,0.8294243627281368,-0.24723345326747181,-0.6858397396677155,0.8809358234864345,0.9120049442912909,0.17195703841199297,-1.3725019966248295,-0.8547878046232921,-0.6489886042781109]","[0.5733023278745873,6.391217679999381e-20,6.391217679999381e-20,0.0005406597876308202,0.42615701233778186]",0,0.5733023278745873,0.5563420768493156
2023-10-26,165.2711944580078,169.71764765287952,164.06302704400315,168.71743481214864,70625300,-0.02460546647859785,170.98380824497767,173.30449625651042,0.00944534702485044,30.33477866471283,-1.6101127559320787,-0.8057055586952776,"[165.2711944580078,169.71764765287952,164.06302704400315,168.71743481214864,70625300.0,-0.02460546647859785,170.98380824497767,173.30449625651042,0.00944534702485044,30.33477866471283,-1.6101127559320787,-0.8057055586952776]","[0.6821287545763364,0.7242927400654475,0.6915697016866216,0.7370224428871949,-0.5024018883614728,-1.3599304625551492,0.7742402020039394,0.8287618797733274,-0.816390327397318,-1.9532800666080181,-0.9058953391711542,-0.6196435477842797]","[0.6052816365080689,3.317623274883802e-17,3.317623274883802e-17,0.016631891026916548,0.3780864724650146]",0,0.6052816365080689,0.5020614127282437
2024-01-02,184.0814971923828,186.8579933979713,182.34618895522584,185.5788148528252,82488700,-0.03578669212333607,190.7040034702846,191.19395294189454,0.011806747059086468,35.42538007190596,0.7908459520948554,2.099759987930138,"[184.0814971923828,186.8579933979713,182.34618895522584,185.5788148528252,82488700.0,-0.03578669212333607,190.7040034702846,191.19395294189454,0.011806747059086468,35.42538007190596,0.7908459520948554,2.099759987930138]","[0.967663246131211,0.982021026018544,0.9721238308093197,0.9932582197458734,-0.2805112507341751,-1.9510504883634117,1.0740323374406258,1.1018202446764565,-0.5537928063981792,-1.5586466096429203,0.06729285376523482,0.6458472236852973]","[0.027441680139924266,1.2483059669017034e-17,1.2483059669017034e-17,0.31957542000396,0.6529828998561157]",4,0.6529828998561157,0.42620433556751797
2024-03-18,172.48138427734375,176.44294118443133,172.282813299669,174.31819990832292,75604200,0.006372414077999489,171.22469002859933,178.45244547526042,0.012326716507483166,40.29411722045161,-3.4736181978305183,-3.6367928328453947,"[172.48138427734375,176.44294118443133,172.282813299669,174.31819990832292,75604200.0,0.006372414077999489,171.22469002859933,178.45244547526042,0.012326716507483166,40.29411722045161,-3.4736181978305183,-3.6367928328453947]","[0.791577172985676,0.8254166263741373,0.817701876511235,0.8221350725746286,-0.4092775483170882,0.2777831598971769,0.7779021568413369,0.9073383631734454,-0.49597003763192166,-1.18121250740305,-1.6612358985340456,-1.8527384722183746]","[0.6530725849880915,1.4386109010090607e-18,1.4386109010090607e-18,0.0018725392399641344,0.3450548757719443]",0,0.6530725849880915,0.42606699816796617
2024-04-30,169.1155548095703,173.74233280675443,168.78790588015656,172.09416491333778,65934800,-0.018270817005367146,168.04750497000558,169.28599802652994,0.01804952517501383,49.286398906957004,-0.8563950125298163,-1.4247619884717189,"[169.1155548095703,173.74233280675443,168.78790588015656,172.09416491333778,65934800.0,-0.018270817005367146,168.04750497000558,169.28599802652994,0.01804952517501383,49.286398906957004,-0.8563950125298163,-1.4247619884717189]","[0.7404849380911888,0.7848093259987321,0.7640727114791241,0.7883372853634911,-0.5901320530521045,-1.0250353196541944,0.7296016667847772,0.7674249383925932,0.14043012644791333,-0.48411310320785345,-0.600388540477175,-0.8892768255944022]","[0.44984492232103473,1.1487279207694946e-19,1.1487279207694946e-19,0.005583266695954989,0.5445718109830103]",4,0.5445718109830103,0.6077554592024638
2024-08-08,212.07638549804688,212.9612378528938,207.62229843313003,211.87754516998305,47161100,0.016633386337551403,213.03650120326452,220.17725270589193,0.017807647386421273,45.23794797278819,-1.3600295069021797,0.6747631507660312,"[212.07638549804688,212.9612378528938,207.62229843313003,211.87754516998305,47161100.0,0.016633386337551403,213.03650120326452,220.17725270589193,0.017807647386421273,45.23794797278819,-1.3600295069021797,0.6747631507660312]","[1.3926168639103398,1.3745186191962255,1.3599843615324299,1.392909705979941,-0.9412715462516593,0.8202519714212999,1.4135374543277637,1.54421112228876,0.11353230873457175,-0.7979570009538244,-0.8045283042473956,0.02518237054360426]","[0.00047872418409602486,3.99599789564709e-17,3.99599789564709e-17,0.3629658004688961,0.6365554753470077]",4,0.6365554753470077,0.45168370634283417
2024-09-04,219.8269195556641,220.75260404502964,216.47252073588623,220.6331648046219,43840200,-0.008618807934915651,225.2530975341797,219.9604487101237,0.01074207287884204,46.413518064050734,1.796229140316001,2.194333848179239,"[219.8269195556641,220.75260404502964,216.47252073588623,220.6331648046219,43840200.0,-0.008618807934915651,225.2530975341797,219.9604487101237,0.01074207287884204,46.413518064050734,1.796229140316001,2.194333848179239]","[1.51026753826,1.4916723501533207,1.4957905433487129,1.525965422270573,-1.0033849891513755,-0.514760683213795,1.599257699993133,1.5409019024711843,-0.6721890104934453,-0.7068244898984146,0.47480800381028343,0.6870393649951462]","[0.3504788269937931,3.819955847966672e-18,3.819955847966672e-18,0.3184401610892807,0.3310810119169262]",0,0.3504788269937931,1.0484549794851863
2024-09-06,219.7970733642578,224.1965961864048,218.75193438162452,222.9125635200513,48423000,-0.0070149809225360515,223.5453338623047,220.2150680541992,0.010164303698119995,46.53867338480776,1.0654199596215506,1.8519021142847445,"[219.7970733642578,224.1965961864048,218.75193438162452,222.9125635200513,48423000.0,-0.0070149809225360515,223.5453338623047,220.2150680541992,0.010164303698119995,46.53867338480776,1.0654199596215506,1.8519021142847445]","[1.5098144824422184,1.5434574310748492,1.5307680222659652,1.5606045502191586,-0.9176692235092847,-0.42997084933758106,1.5732957806427816,1.5447883224440595,-0.7364393502781643,-0.697122202695545,0.1785868053516814,0.5378914256554003]","[0.35767628315896066,5.484213281834786e-19,5.484213281834786e-19,0.03276139983785889,0.6095623170031803]",4,0.6095623170031803,0.495014090819528
2024-09-11,221.6285400390625,222.05654079085224,216.8806326219321,220.43410202901995,44587100,0.011585141839513868,220.47391619001115,220.52818705240887,0.010745669584322005,50.43055055563784,0.3715653908823242,1.186241268006465,"[221.6285400390625,222.05654079085224,216.8806326219321,220.43410202901995,44587100.0,0.011585141839513868,220.47391619001115,220.52818705240887,0.010745669584322005,50.43055055563784,0.3715653908823242,1.186241268006465]","[1.5376155717268893,1.511278803108819,1.502052998132529,1.5229403433727033,-0.9894151223978453,0.5533654499628351,1.5266031971123097,1.549567660529888,-0.671789041860808,-0.3954162117613483,-0.10265546326979554,0.2479593495816737]","[0.20027585296879744,4.630557927790763e-18,4.630557927790763e-18,0.2715561739709034,0.5281679730602992]",4,0.5281679730602992,0.6383409131793893
2025-03-07,238.4862518310547,240.78062356819368,234.1867631010968,234.53591456798168,46273600,0.01589256603004152,237.0255366734096,236.65076090494793,0.011983288165080635,50.80194577271766,0.24133467136485365,0.9372120136920128,"[238.4862518310547,240.78062356819368,234.1867631010968,234.53591456798168,46273600.0,0.01589256603004152,237.0255366734096,236.65076090494793,0.011983288165080635,50.80194577271766,0.24133467136485365,0.9372120136920128]","[1.793510345632294,1.7928207178411966,1.7676146328564177,1.7372400556334635,-0.9578711670091341,0.7810868804725626,1.7782257390275045,1.7956569482946232,-0.5341606999713184,-0.36662492234524696,-0.15544229303421275,0.13949335055204584]","[0.5112546023722596,6.955367969830766e-18,6.955367969830766e-18,0.1108800759334595,0.37786532169428094]",0,0.5112546023722596,0.6708875675145437
2025-04-02,223.34332275390625,224.6401515625236,220.48033536050963,220.7796058888877,35905900,0.0031363284814580616,221.77715192522322,227.0728520711263,0.013137081528055657,48.992442868512896,-2.7567398757198873,-3.9629365039483604,"[223.34332275390625,224.6401515625236,220.48033536050963,220.7796058888877,35905900.0,0.0031363284814580616,221.77715192522322,227.0728520711263,0.013137081528055657,48.992442868512896,-2.7567398757198873,-3.9629365039483604]","[1.56364543512272,1.5501268862020958,1.5572902416588963,1.5281908299715052,-1.1517865339131022,0.1067003947223668,1.5464153652766108,1.6494631218777864,-0.4058540715010081,-0.5069011548284431,-1.3706613390809017,-1.9947920603028675]","[0.6444200527119697,1.631990925323866e-18,1.631990925323866e-18,7.5518702147778e-05,0.3555044285858826]",0,0.6444200527119697,0.43940450818841054
2025-04-07,181.0169219970703,193.6759230716255,174.19361217758157,176.76731422169505,160466300,-0.0367342786061855,208.08210100446428,221.57131805419922,0.034861944210568256,22.77100558159775,-8.29761173294483,-5.187921499866714,"[181.0169219970703,193.6759230716255,174.19361217758157,176.76731422169505,160466300.0,-0.0367342786061855,208.08210100446428,221.57131805419922,0.034861944210568256,22.77100558159775,-8.29761173294483,-5.187921499866714]","[0.9211439565385915,1.084537822043083,0.8470229817841873,0.8593533018766611,1.1779660310439297,-2.001146726825526,1.3382192235274826,1.565489644676078,2.0100411608881887,-2.5396386676313676,-3.616560467623659,-2.5283407060005865]","[0.19999999999116483,0.19999999999116483,0.19999999999116483,0.19999999999116483,0.20000000003534077]",4,0.20000000003534077,1.6094379072573965
2025-04-08,171.9989776611328,189.8752182218586,168.79682446290911,186.2441070957976,120859500,-0.04981823929192353,201.60082135881697,219.09005788167318,0.035673068648459934,20.05786191769792,-10.604119615914442,-6.27116112307626,"[171.9989776611328,189.8752182218586,168.79682446290911,186.2441070957976,120859500.0,-0.04981823929192353,201.60082135881697,219.09005788167318,0.035673068648459934,20.05786191769792,-10.604119615914442,-6.27116112307626]","[0.7842543919636153,1.0273890829854393,0.7642095666483395,1.0033684049326637,0.43716844296826385,-2.6928590152603262,1.239688927902547,1.527616563479444,2.1002415773885996,-2.749966913291069,-4.5514646086721156,-3.0001514105033564]","[0.19999999999999996,0.19999999999999996,0.19999999999999996,0.19999999999999996,0.2000000000000001]",4,0.2000000000000001,1.6094379074340999
2025-04-09,198.3644561767578,200.1201531468693,171.47028013366514,171.53013119082922,184395900,0.1532885769098551,198.2832271030971,217.70976969401042,0.057517381780589044,41.86654738472838,-10.187138963252039,-7.0543566911114155,"[198.3644561767578,200.1201531468693,171.47028013366514,171.53013119082922,184395900.0,0.1532885769098551,198.2832271030971,217.70976969401042,0.057517381780589044,41.86654738472838,-10.187138963252039,-7.0543566911114155]","[1.184474080549616,1.1814355390599975,0.8052335990941002,0.7797658861830672,1.6255404365403459,8.044828448504315,1.1892538964502015,1.5065483308189058,4.529420197385469,-1.0593146210967466,-4.382448520849664,-3.341276351652811]","[0.2,0.2,0.2,0.2,0.2]",0,0.2,1.6094379074341003
