Date,Close,High,Low,Open,Volume,Return,MA_7,MA_30,Vol_14,RSI_14,MACD,MACD_Signal,anomaly,distance,cluster,is_anomaly,model_used
2024-04-02,167.87446369081778,168.13260444031488,167.0305181193942,167.63616943359375,49329500,-0.012325494457725683,169.46306508568813,173.93064617286774,0.012654433211555268,37.37489466112893,-2.0649126782709573,-1.9942141622561855,1,0,0,0,isolation_forest
2024-04-03,167.5865303145986,169.46305411699578,167.37803608655156,168.44039916992188,47691700,-0.0017151707882711031,169.04180233838596,173.50040239851322,0.012653416214397854,36.80908658520427,-2.1551686278189663,-2.026405055368742,1,0,0,0,isolation_forest
2024-04-04,169.07582268557752,170.69420560535343,167.61631774902344,167.61631774902344,53704400,0.008886706874252859,169.00208432217542,173.1148369851203,0.012951797263594913,41.72332860662502,-2.082517702539775,-2.037627584802949,1,0,0,0,isolation_forest
2024-04-05,168.38081863168355,169.1751176568126,167.74538244157907,168.3708953857422,42104800,-0.004110605779434451,168.9439261727295,172.65513721064445,0.012727582815655452,40.15396909152097,-2.0573069852950425,-2.0415634649013676,1,0,0,0,isolation_forest
2024-04-08,167.82482886831443,167.99361496437555,167.04046816897213,167.24896240234375,37425500,-0.0033019780274693433,168.74818841895214,172.12626832796346,0.010235217468603343,38.893633628022606,-2.058462364756167,-2.0449432448723277,1,0,0,0,isolation_forest
2024-04-09,167.49718091534808,168.86734648560252,167.1496854743383,168.46026611328125,42373800,-0.0019523210908407584,168.31558085025299,171.6781532477533,0.010158941295184796,38.13401508616211,-2.062046474658814,-2.0483638908296253,1,0,0,0,isolation_forest
2024-04-10,167.59647195447172,167.88439761067826,165.91851910107465,166.583740234375,49709300,0.0005927923000317303,167.97658815154452,171.27107645934944,0.009773862617046393,38.52584437021217,-2.033434780154977,-2.0453780686946956,1,0,0,0,isolation_forest
2024-04-11,167.13975023930564,174.208995705804,166.9610408919762,173.79197692871094,91070300,-0.0027251272645533176,167.8716290870428,170.80211130713576,0.009308227508149764,37.35389947015055,-2.024278805555184,-2.041158216066793,1,0,0,0,isolation_forest
2024-04-12,173.0175481045229,177.08832180821437,172.96791671667,175.29122924804688,101670900,0.035166965708645526,168.64748877131768,170.57011160096928,0.011200110951283503,55.93274414323962,-1.5251524566570254,-1.9379570641848396,1,0,0,0,isolation_forest
2024-04-15,174.10967059769038,175.37061964403054,171.27006200710903,171.45870971679688,73531800,0.006312206508138241,169.36660990161954,170.43143971211023,0.011028661283450342,58.40131528861626,-1.0295975119780678,-1.7562851537434854,1,0,0,0,isolation_forest
2024-04-16,170.52542991803605,172.5210932508517,167.0702464097302,168.17233276367188,73711200,-0.020586109130815156,169.672982942527,170.28581908783514,0.012535487184886993,48.7494758645816,-0.9155312418803305,-1.5881343713708544,1,0,0,0,isolation_forest
2024-04-17,168.4006911997193,169.43326939438705,166.8021697998047,166.8021697998047,50901200,-0.01245995227420349,169.75524898987058,170.24775896176195,0.01300990907610954,44.09694741685271,-0.9852245036138925,-1.4675523978194622,1,0,0,0,isolation_forest
2024-04-18,166.83194578270678,167.4375970919546,165.36250241682455,165.8489990234375,43122900,-0.009315552126517135,169.66021539949324,170.14747917009336,0.012995104299764424,40.98670850040766,-1.1537419413307646,-1.4047903065217229,1,0,0,0,isolation_forest
2024-04-19,165.02494208062998,165.21357466916862,162.9101239696921,163.8235626220703,68149400,-0.010831281105061041,169.29285398894444,170.05017880193566,0.013230056969708059,37.68914780726718,-1.4167716600343851,-1.4071865772242553,1,0,0,0,isolation_forest
2024-04-22,164.33986695337822,166.06745127090076,163.5952143613438,164.65757751464844,48116400,-0.004151342934070157,168.89287066238336,169.93500655340293,0.012917231314565555,36.49049515075915,-1.6613533966907994,-1.458019941117564,1,0,0,0,isolation_forest
2024-04-23,164.1710551260113,165.85893104014465,163.74411316214608,165.70999145507812,49537800,-0.001027211658962801,167.6290859511674,169.68380978124586,0.012917421556865764,36.18510416341124,-1.847510932759235,-1.5359181394458983,1,0,0,0,isolation_forest
2024-04-24,165.35258209827205,168.09291330855643,165.0249482926904,167.81491088867188,48251800,0.007196926226452405,166.37807330839337,169.46504779700308,0.01282151870653426,39.971773843376155,-1.8780537346523545,-1.6043452584871898,1,0,0,0,isolation_forest
2024-04-25,168.32124662085997,169.3935480180457,166.95108119945704,168.67868041992188,50558300,0.017953541970234133,166.06318998022536,169.35781744109244,0.013796728146081029,48.27650183654415,-1.643764415420236,-1.612229089873799,1,0,0,0,isolation_forest
2024-04-26,168.66877724193844,170.11835910227322,167.97375605274175,168.09291076660156,44838400,0.0020646865921880586,166.10148798625667,169.2575381709651,0.013770594802063085,49.16317779879095,-1.4137488090364627,-1.5725330337063317,1,0,0,0,isolation_forest
2024-04-29,172.13384626192774,174.77488377894562,171.86578230229972,172.26292419433594,68169400,0.020543630401843815,166.85890234043111,169.33034711982097,0.014747136166961642,57.06599512475784,-0.941010291796033,-1.446228485324272,1,0,0,0,isolation_forest
2024-04-30,172.0941804408779,173.7423484830038,168.78792110938284,169.11557006835938,65934800,-0.00023043591897375926,167.86879353475223,169.25621262352996,0.014755043132065687,56.956841368113125,-0.5630715726538824,-1.2695971027901942,1,0,0,0,isolation_forest
2024-05-01,168.37091318228207,171.47860143970507,167.90426302381934,168.09291076660156,50383100,-0.021635056159699295,168.4446572817385,169.0986773873571,0.016030628218156512,47.728359812953606,-0.5575617412748954,-1.1271900304871345,1,0,0,0,isolation_forest
2024-05-02,171.2800137361139,172.18352915382397,169.67156903864844,171.7963104248047,94214900,0.017277928229102013,169.46022279746742,168.99244087651942,0.013594991283474783,53.99974906833601,-0.31482594041557377,-0.9647172124728225,1,0,0,0,isolation_forest
2024-05-03,185.3191838346203,185.66669440285864,181.3576421366733,182.072509765625,163224100,0.08196618970463287,172.31259447408863,169.31015841295678,0.025971222973033694,71.66671436969901,0.9988732383768593,-0.5719991223028862,-1,0,0,1,isolation_forest
2024-05-06,181.04988026799387,182.8866809793933,179.1336329755651,180.41444396972656,78569700,-0.02303756944254831,174.13097070939347,169.66064210369947,0.0261628802898443,63.659765202626744,1.6761703362369076,-0.12236523059492743,1,0,0,0,isolation_forest
2024-05-07,182.14198851894085,183.58164691028847,180.0271858364759,181.09947204589844,77305800,0.006032084911243407,176.05571517753668,170.08691342769578,0.025698340766427446,64.7448543642137,2.2748343008895517,0.35707467570196844,1,0,0,0,isolation_forest
2024-05-08,181.5462890620128,181.76472167822584,180.1562619452029,181.43707275390625,45057100,-0.003270522419195565,177.4003498632631,170.51219220716936,0.025472546698142196,63.628819500378,2.6704287974192766,0.8197455000454301,1,0,0,0,isolation_forest
2024-05-09,181.2583498682501,183.34338298682428,180.8115613856968,183.2540283203125,48983000,-0.0015860373420485407,178.70951692431626,170.91430409795254,0.025110220366808236,63.06296451119104,2.9269657601846575,1.2411895520732756,1,0,0,0,isolation_forest
2024-05-10,183.83068607894492,184.01958970422,181.07671637844007,181.99139404296875,50759500,0.014191546003616162,180.91805590955377,171.3578125040426,0.024961324540433656,65.97416246916785,3.2998011323190894,1.6529118681224384,1,0,0,0,isolation_forest
2024-05-13,184.3675441223296,186.01794745703555,183.55227916041125,185.2026824951172,72044800,0.0029203940584443533,182.78770310758463,171.8377499466059,0.024869776819648977,66.56641786717981,3.5971303289643117,2.041755560290813,1,0,0,0,isolation_forest
2024-05-14,186.42556271379905,187.2110023802185,185.2126171602605,186.3460235595703,52393600,0.011162586133402819,182.9457572331816,172.4561199140386,0.02487516137088905,68.80782319767775,3.9532600392854533,2.4240564560897413,1,0,0,0,isolation_forest
2024-05-15,186.8232728469217,189.54741702859607,186.2863873072406,188.622802734375,70400000,0.002133345488318117,183.7705276015999,173.09734466511603,0.024790573793032296,69.2370311715297,4.218953811104825,2.783035927092758,1,0,0,0,isolation_forest
2024-05-16,189.36845732702145,189.99481870677727,188.5631442219314,188.7420959472656,52845200,0.013623487273907386,184.80288028846851,173.77376581983083,0.024779055691169626,71.90167867489407,4.582073860816223,3.142843513837451,1,0,0,0,isolation_forest
2024-05-17,188.4140082479681,189.70649303935696,188.08591490450095,188.7719268798828,41282900,-0.005040169268555106,185.78398302931924,174.4415388070403,0.02477210786815259,69.47150988713388,4.738213872251805,3.4619175855203217,1,0,0,0,isolation_forest
2024-05-20,188.2350632210391,190.81008101901145,187.91690657220929,189.93516540527344,44361300,-0.0009497437509714546,186.78065636543198,175.12187995213114,0.024788441283371203,69.00063874683944,4.792274233795268,3.7279889151753114,1,0,0,0,isolation_forest
2024-05-21,189.98487181213304,191.6153866469515,189.815856788038,191.2375946044922,42309400,0.00929586954285555,187.6598257558874,175.8714696486906,0.02340881735047401,71.06583746421614,4.919602276643985,3.9663115874690464,1,0,0,0,isolation_forest
2024-05-22,191.158046649762,191.70486886169917,189.1696132758398,189.79595947265625,34648500,0.006175096082329468,188.62989754552063,176.65685547186698,0.02329124144753686,72.39376145278436,5.056883467898814,4.184425963555,1,0,0,0,isolation_forest
2024-05-23,189.87551988281996,189.89540846653745,185.5506859127412,185.7992401123047,51005900,-0.006709248129595502,189.12274856966647,177.4147144599841,0.009831040240470306,68.68270085439195,5.004501827582828,4.348441136360567,1,0,0,0,isolation_forest
2024-05-24,187.7280067652561,189.4778227162681,186.9525037733123,188.88128662109372,36327000,-0.011310110533939155,189.25199627228568,177.90506308200855,0.007854551012472155,62.87102338609493,4.735119133312139,4.4257767357508815,1,0,0,0,isolation_forest
2024-05-28,190.4024184243637,191.8838066416972,188.0063679124909,188.89122009277344,52280100,0.014246204949332819,189.39970500047744,178.44815467623098,0.008415836445557042,66.65510589148612,4.683446224472618,4.477310633495229,1,0,0,0,isolation_forest
2024-05-29,188.5134539967084,191.13818582461727,188.41402624535667,189.18951416015625,53068000,-0.009920905644408506,189.41391153601177,179.04775547885342,0.008978400997810975,61.859594850877926,4.4389025241788715,4.469629011631957,1,0,0,0,isolation_forest
2024-05-30,189.6567821553814,191.06856812279528,189.52754429358757,190.1837158203125,49889100,0.00606496849128324,189.6170142409178,179.75629184404215,0.008928136150896522,63.56809551047549,4.287928338325145,4.433288876970595,1,0,0,0,isolation_forest
2024-05-31,190.33285520255316,191.45632497373828,188.81170480343985,191.1381683349609,75158300,0.003564718537815814,189.666726153835,180.53965549137038,0.00836268337258655,64.57852021335518,4.174710192620665,4.38157314010061,1,0,0,0,isolation_forest
2024-06-03,191.7843976924141,193.8623221502784,191.40660565779223,192.90786743164065,50080500,0.007626336968024727,189.75620487421384,181.43163734509653,0.008473925920001096,66.71311779861496,4.154224035574828,4.336103319195454,1,0,0,0,isolation_forest
2024-06-04,193.51434462038463,194.19041988861156,191.91365507081835,193.2260284423828,47471400,0.009020269369070633,190.27603697958025,182.40411993399672,0.008330485661705274,69.10288171267952,4.228833507521443,4.314649356860652,1,0,0,0,isolation_forest
2024-06-05,194.269945311189,195.76127042413225,193.74301165159247,194.7372283935547,54156800,0.003904623671628027,191.2105996289992,183.40741627350266,0.008334643712774495,70.11218187114305,4.2993722257486695,4.3115939306382565,1,0,0,0,isolation_forest
2024-06-06,194.55829468881035,195.36360789712964,193.047080853253,193.35528564453125,41181800,0.0014842716775333997,191.80429623820586,184.38094002652056,0.007735025121940872,70.50810997235038,4.328644137950619,4.31500397210073,1,0,0,0,isolation_forest
2024-06-07,193.52429170702464,195.80105664694403,193.01724660656404,195.7513427734375,53103900,-0.005314617829271007,192.52013019682246,185.22104152939272,0.007754456631903531,67.07663497575345,4.219764126023989,4.295956002885382,1,0,0,0,isolation_forest
2024-06-10,195.76126603853865,196.15896182874013,191.03873662001607,192.0031280517578,97010200,0.011559139743038349,193.3921993229878,186.1241244892794,0.00810830404054213,70.42955724800177,4.264818888127849,4.289728579933875,1,0,0,0,isolation_forest
2024-06-11,192.5300695841464,205.96194772636147,192.51019617172983,205.95199584960935,172373300,-0.016505800763242706,193.70608709178683,186.80399860002004,0.009362113196589531,60.79801727737698,3.9937570171964296,4.230534267386386,1,0,0,0,isolation_forest
2024-06-12,206.1707358379729,218.9265393804105,205.7034527218097,211.83778381347656,198134300,0.07084953681931117,195.76127825543807,187.9398837799232,0.020928280585604888,75.82697104025985,4.824018021561699,4.349231018221449,-1,0,0,1,isolation_forest
2024-06-13,213.4981154669776,215.4964857209176,210.37627540407075,213.00100708007807,97862700,0.035540347660024896,198.6161026620942,189.44412385607973,0.022032058572479852,80.21487659942312,6.004053160383165,4.6801954466537925,1,0,0,0,isolation_forest
2024-06-14,212.61325905037396,213.92561727783075,210.07800329190465,211.26112365722656,70122700,-0.004144563124916734,201.23657605340637,190.8218986998884,0.021612453837855535,78.36494018602693,6.78957302041016,5.102070961405066,1,0,0,0,isolation_forest
2024-06-17,212.1360280257328,217.6837594401996,211.4897931914233,215.4169464111328,93728300,-0.0022445967235189546,203.74768081582388,191.71579350625882,0.021761683482271497,77.32911734758443,7.289565045298559,5.539569778183765,1,0,0,0,isolation_forest
2024-06-18,216.33159234343563,217.3655861315708,211.76814166400055,213.05067443847656,79943300,0.019777707524503585,207.00586662102543,192.8918505754402,0.02132742300609368,79.85068363265131,7.932913613842146,6.018238545315441,1,0,0,0,isolation_forest
2024-06-20,212.6927826496957,213.00100258632773,207.64217489543017,208.4673614501953,86172500,-0.016820519159139624,209.42465470833355,193.9102103797987,0.022503807391054266,72.33600953971862,8.056282646518497,6.425847365556053,1,0,0,0,isolation_forest
2024-06-21,209.17327704334383,210.66460227969185,205.91224707350656,206.29005432128903,241805100,-0.01654736734602069,211.8022557739332,194.8311099791764,0.023461225461920487,65.87826763673175,7.7803715252138375,6.69675219748761,-1,0,0,1,isolation_forest
2024-06-24,206.51871007112356,211.4699053713697,205.39524025887107,206.936279296875,80727000,-0.012690755768339335,211.851966378669,195.67312198593885,0.02404157225913585,61.42414696197732,7.263776312445174,6.8101570204791235,1,0,0,0,isolation_forest
2024-06-25,207.94042486793816,210.15753911842552,207.40355450398363,207.86090087890625,55549700,0.00688419367099935,211.05801057880623,196.47677994557196,0.02402470861336847,62.87200116384816,6.889671541931364,6.826059924769572,1,0,0,0,isolation_forest
2024-06-26,210.2768291728298,213.6173978459433,209.42180221570723,212.01670837402344,66213200,0.011235931187384418,210.7242348820142,197.34042278058863,0.024069244782852155,65.18460287860844,6.704434568934033,6.801734853602464,1,0,0,0,isolation_forest
2024-06-27,213.4484006592916,214.4923313013169,211.1219370597224,212.86181640625,49772700,0.015082838651019559,210.91171668680832,198.2411840454384,0.024150153739643684,68.09019495630119,6.735904927255774,6.788568868333127,1,0,0,0,isolation_forest
2024-06-28,214.52215724323332,214.82042530908265,209.08379028418835,209.4019317626953,82542700,0.005030520634613067,210.65322595820797,199.16448019198208,0.023904540645760506,69.03248723640564,6.7694545374546635,6.784746002157434,1,0,0,0,isolation_forest
2024-07-01,210.86342163866271,216.25207446959735,210.6944066158183,215.49647521972656,60402900,-0.0170552806833012,210.39188867091758,199.88097900237014,0.0247522414735935,62.28341930506776,6.426730115024185,6.7131428247307845,1,0,0,0,isolation_forest
2024-07-02,214.89995598050683,219.10550398155985,213.8560404734025,218.9961395263672,58046200,0.01914288552502552,211.20998566194086,200.7638439267881,0.024129083228776577,66.20859285496428,6.406977479534589,6.651909755691546,1,0,0,0,isolation_forest
2024-07-03,218.72769869983824,220.26873779296875,217.76330717829083,220.26873779296875,37369800,0.017811742686809184,212.95412689461438,201.78026510941476,0.01647726834157808,69.45488151644373,6.623834777151444,6.646294759983526,1,0,0,0,isolation_forest
2024-07-05,220.36812707547224,225.14037030398515,220.36812707547224,225.031005859375,60412400,0.007499865748074264,214.7295129242621,202.7930402848594,0.01389753601147073,70.75170432259488,6.8491123049399505,6.686858268974811,1,0,0,0,isolation_forest
2024-07-08,225.7766827586142,226.53229721329785,221.95889400104969,226.50247192382807,59085900,0.024543275631187855,216.94377772223132,203.9469948218211,0.014941321160439202,74.58320055748874,7.379010966051226,6.825288808390094,1,0,0,0,isolation_forest
2024-07-09,226.61180512644188,228.0733048889389,225.0608295018841,227.3574676513672,48076100,0.003698886694692538,218.82426407468137,205.1715376632752,0.014821852023221734,75.1250560055208,7.776701889813552,7.015571424674786,1,0,0,0,isolation_forest
2024-07-10,227.9739187958725,231.732057144285,227.9242049209956,231.63262939453125,62627700,0.006010779838546254,220.74594429648695,206.5130680642957,0.014197253606544762,76.02291250152638,8.108318354826224,7.234120810705074,1,0,0,0,isolation_forest
2024-07-11,230.0517907167564,231.04600736969545,224.4642979818121,226.2538909912109,64710600,0.009114515958048797,223.48713987907175,207.8347138073755,0.012928729645706426,77.36510091813689,8.441485500820306,7.47559374872812,1,0,0,0,isolation_forest
2024-07-12,227.59609977127653,231.29458734662404,227.357482286545,229.20672607421875,53046500,-0.010674513499020488,225.30087470632455,209.13746866652775,0.01222772462918783,72.21977590656007,8.410419052591408,7.662558809500778,1,0,0,0,isolation_forest
2024-07-15,235.11237576276483,235.8580383346859,231.7419815445035,233.04440307617188,62631300,0.03302462563744202,227.64154285817125,210.6526551201072,0.01290424774328893,77.21476855964417,8.889822979338874,7.908011643468398,1,0,0,0,isolation_forest
2024-07-16,233.6409268235753,234.9035862928846,230.98637002864072,233.46197509765625,43234300,-0.006258492069657118,229.53765710790023,212.0962575074746,0.013561277652574453,74.39464619496516,9.04673528031006,8.13575637083673,1,0,0,0,isolation_forest
2024-07-17,228.1230311101644,230.1214164943178,225.3292844594588,227.55633544921875,57345900,-0.023616991202819237,229.87284972955027,213.30754528806628,0.01599064985705133,64.83215570296628,8.626401552875137,8.233885407244411,1,0,0,0,isolation_forest
2024-07-18,228.94822726389444,229.10730558155055,220.9845567217071,222.8834991455078,66034600,0.003617329428397653,230.20662432061494,214.4886747095166,0.01577935302763259,65.54541066517785,8.264601299451584,8.240028585685847,1,0,0,0,isolation_forest
2024-07-19,223.5198165983548,225.4883615119168,221.9887143107171,223.01275634765625,49151500,-0.02371021051533473,229.57032400668382,215.4636704190888,0.017562795936820093,57.31092205782015,7.453920463199779,8.082806961188634,1,0,0,0,isolation_forest
2024-07-22,225.69712847330965,226.46267958300487,221.7998008147913,222.66477966308597,48201800,0.009741023897076984,228.94822940047712,216.5016315452388,0.01663503167764318,59.50824348307461,6.907515393902571,7.847748647731422,1,0,0,0,isolation_forest
2024-07-23,223.07241159149987,225.6275559695254,221.3921828247117,223.70870971679688,39960300,-0.011629376499223687,228.30198823193763,217.48656887472129,0.016654982099149975,55.78082418331275,6.191323005517916,7.51646351928872,1,0,0,0,isolation_forest
2024-07-24,222.70455320631825,223.4999296447353,215.8742889513949,217.276123046875,61777600,-0.0016490536976632164,226.52944215244523,218.38467844698062,0.01610867673551883,55.25841307179301,5.530302396934047,7.119231294817786,1,0,0,0,isolation_forest
2024-07-25,217.663867640833,219.57277716709376,213.3787958392943,216.23220825195312,51391200,-0.022633958277518795,224.2470051263392,219.2224717155368,0.017207793458166906,48.548771046667646,4.547279397555457,6.604840915365321,1,0,0,0,isolation_forest
2024-07-26,217.4351887967129,218.22062848355827,214.76074345207397,216.6994781494141,41601300,-0.001050605443147945,222.72017051013182,219.59795348082815,0.015598920453035837,48.262464354144235,3.7070416481118684,6.02528106191463,1,0,0,0,isolation_forest
2024-07-29,215.7052633263403,218.0317267787177,214.50225443638584,216.9778594970703,36311800,-0.007956051087894433,220.82831851905266,219.67152507614026,0.015549400352178624,46.05003548685239,2.86849047757093,5.393922945045891,1,0,0,0,isolation_forest
2024-07-30,217.92238139381377,219.05578793157812,214.87012855591783,217.53463745117188,41643800,0.010278460679557844,220.02868491840397,219.84849582092158,0.015788189143337218,49.26039045480531,2.3556807114176763,4.786274498320249,1,0,0,0,isolation_forest
2024-07-31,220.1593561933901,222.5255968769169,219.3540430654452,220.795654296875,50036300,0.010265007133589688,219.23757459270115,220.11594009317682,0.015859491033547776,52.34184703290377,2.1055094460339774,4.2501214878629945,1,0,0,0,isolation_forest
2024-08-01,223.0724051151817,223.1817695634113,215.7649211779852,217.09716796875,62501000,0.01323154723995823,219.23757366751286,220.34063385223502,0.016253785011167466,56.08226579998877,2.1178918792120953,3.8236755661328146,1,0,0,0,isolation_forest
2024-08-02,217.88258518105536,224.29529507499743,216.45092586682145,218.58848571777344,105568600,-0.02326518123766419,218.5487210924753,220.513627269947,0.013898524070429182,48.74253211954866,1.6894549659687925,3.3968314461000104,1,0,0,0,isolation_forest
2024-08-05,197.93858949976783,212.26525508834703,194.86646368766287,208.05972290039065,119548600,-0.09153551976039997,215.73082421518026,220.13913768516113,0.026921658009345296,31.61761642893849,-0.25644204281135785,2.6661767483177368,-1,0,0,1,isolation_forest
2024-08-06,204.11270880558044,208.7755879501992,199.90717605667757,206.0315399169922,69660500,0.03119209509078491,213.82761278787567,220.05893764297636,0.028922704269506196,38.7874393856364,-1.2855604721006557,1.8758293042340584,1,0,0,0,isolation_forest
2024-08-07,205.703426053809,212.40445197195865,205.19638100586545,208.60655212402344,63516400,0.007793327801767447,212.39877889179974,219.98437101583875,0.02906743386361196,40.51786680658549,-1.95030475476662,1.1106024924339228,1,0,0,0,isolation_forest
2024-08-08,211.87752992550045,212.96122253044004,207.6222834948103,212.0763702392578,47161100,0.03001458940249435,211.5352286820407,220.03772770759443,0.0302439579504742,46.803661695951355,-1.9563690006546892,0.49720819381620046,1,0,0,0,isolation_forest
2024-08-09,210.8733840757052,215.5263113015057,210.7441310403627,214.98944091796875,42201600,-0.004739274854432818,210.20866123665715,219.9518938214749,0.030007705136384562,45.95311881901166,-2.01892818985948,-0.006019082918935659,1,0,0,0,isolation_forest
2024-08-12,215.0690650325273,218.49311650663688,214.60124108809117,216.5222930908203,38028100,0.01989668338283912,209.06532693913508,219.97012408111803,0.0306009824911753,50.0385835458401,-1.7102358749901043,-0.3468624413331694,1,0,0,0,isolation_forest
2024-08-13,217.9954546002453,220.8621181746332,217.9954546002453,220.2449951171875,44155300,0.013606743337426952,209.0814511418765,220.20785851317078,0.030890610619331477,52.722913507926805,-1.2154488721834298,-0.5205797275032215,1,0,0,0,isolation_forest
2024-08-14,219.54820460737923,221.99680001644597,218.6822246024247,220.69287109375,41960600,0.007122854969528358,212.1685390143924,220.36280013406653,0.03031060691310641,54.13114212713451,-0.6900778708719884,-0.5544793561769749,1,0,0,0,isolation_forest
2024-08-15,223.55954635601316,224.30607198028108,221.72805861485108,223.67898559570312,46414000,0.01827089297226303,214.94665866445422,220.52386172260566,0.030645091869288103,57.641383907927185,0.049394795241653355,-0.4337045258932492,1,0,0,0,isolation_forest
2024-08-16,222.88270038911836,225.77922361016536,222.6139468974481,225.0028381347656,44340200,-0.0030275869580489445,217.40084071235557,220.60768083306053,0.03054461022786645,56.850813321464756,0.5741974075699261,-0.2321241392006142,1,0,0,0,isolation_forest
2024-08-19,224.6743562399008,224.94310972106825,222.00676340736013,224.84356689453125,40687800,0.008038559509798038,219.2289587572699,220.5709366157701,0.03050823095841631,58.47438604064767,1.1217480986864814,0.038650308376804915,1,0,0,0,isolation_forest
2024-08-20,224.72413110884565,226.11763957317405,224.4056062095116,225.460693359375,30299000,0.00022154227913628866,221.2076369048614,220.50801414851688,0.030432958436976038,58.52108065369582,1.5419279961017196,0.33930584592178786,1,0,0,0,isolation_forest
2024-08-21,225.4706812509204,226.92390949473165,224.007489610358,225.35122680664065,34765500,0.0033220737728123506,222.69358207891756,220.42457289701852,0.03026429976693448,59.26101713648321,1.9131107989019824,0.6540668365178268,1,0,0,0,isolation_forest
2024-08-22,226.7347608131935,227.28221598709212,222.86278176595104,223.4898681640625,43695300,0.005606403259439174,223.94205439505302,220.3140052335664,0.02944085531658881,60.544455908579884,2.2829599593524392,0.9798454610847493,1,0,0,0,isolation_forest
2024-08-23,224.61464290366072,227.16278137803025,223.29080225181497,225.78916931152344,38677300,-0.009350652286084782,224.66583129452178,220.2146233379792,0.012268258955411004,57.28477937146914,2.3775849673853315,1.2593933623448659,1,0,0,0,isolation_forest
2024-08-26,225.7095414433551,226.22713682494347,222.85284141893555,226.12759399414065,30602200,0.004874564389659941,224.97297344985637,219.90119552733222,0.010521370420929705,58.526626212402114,2.511968717957842,1.509908433467461,1,0,0,0,isolation_forest
2024-08-27,224.9530683997657,227.7898720189865,223.8482098014285,226.97366333007807,35934600,-0.003351533296961917,225.26874030852028,219.61160024653856,0.0108930300104467,57.287405117674275,2.5282832801091217,1.7135834027957935,1,0,0,0,isolation_forest
2024-08-28,226.86416416696267,228.7951795929336,224.6345354462772,225.4407958984375,38052200,0.008495531004719448,225.58157001238624,219.5696380150985,0.008588928851883922,59.61389392042278,2.6647050833931303,1.903807738915261,1,0,0,0,isolation_forest
2024-08-29,229.03407107214645,231.84099956412555,227.819721489883,228.7254943847656,51906300,0.009564784782786662,226.1972757214292,219.57249947537358,0.008192142363466551,62.13573587531424,2.914319239845213,2.1059100391012513,1,0,0,0,isolation_forest
2024-08-30,229.123652992766,229.33267166766268,226.42620031745173,227.9391632080078,52990800,0.00039112923330675287,226.71912882740716,219.75929402185392,0.00724109515217973,62.240563402338154,3.083820407487053,2.301492112778412,1,0,0,0,isolation_forest
2024-09-03,227.4912604304481,227.9391727978887,220.1454429272487,221.738037109375,50190600,-0.007124504785935182,226.82720020130068,219.8190984204252,0.007366546896825183,59.0333197978527,3.0512578653977585,2.4514452633022814,1,0,0,0,isolation_forest
2024-09-04,220.63318011937469,220.75261936807303,216.4725357618373,219.82693481445312,43840200,-0.030146566061908908,226.25841980354554,219.73779070468768,0.011413730333171786,47.8722689453729,2.4438904031578375,2.449934291273393,1,0,0,0,isolation_forest
2024-09-05,220.60331260233696,224.43546851590304,220.49382156548631,221.34983825683597,36615400,-0.00013537182857792374,225.52895854054296,219.6677493512217,0.010193346624959429,47.82985699941776,1.9377995079850052,2.3475073346157154,1,0,0,0,isolation_forest
2024-09-06,222.9125480449781,224.1965806221913,218.75191919539128,219.79705810546875,48423000,0.01046781852638734,225.23745563271615,219.8427053646932,0.010606563531762004,51.41387535616431,1.7034188760462143,2.2186896429018153,1,0,0,0,isolation_forest
2024-09-09,219.79707827698536,220.24499065438133,215.70611687897429,219.88665771484372,67180000,-0.013976197371195709,224.22787193414797,219.92143501403558,0.010959138453976796,46.747823079772175,1.2518476430230123,2.0253212429260548,1,0,0,0,isolation_forest
2024-09-10,217.905857501112,220.45399594379384,215.72600018375596,219.09034729003903,51591000,-0.008604394520158598,222.63812713828588,219.99478815319466,0.011104753597382623,44.12962290025334,0.7329198328294808,1.76684096090674,1,0,0,0,isolation_forest
2024-09-11,220.43410202901995,222.05654079085224,216.8806326219321,221.6285400390625,44587100,0.011602462443649708,221.39676271489358,220.0785121743682,0.0116263424297147,48.298384851253985,0.5196834215670378,1.5174094530387996,1,0,0,0,isolation_forest
2024-09-12,221.46928361366915,222.51442259643304,218.8017058249269,221.738037109375,37455600,0.004696104527932343,220.5364803124966,220.12217642171083,0.01158572123600044,49.9452312626662,0.4292741269423459,1.299782387819509,1,0,0,0,isolation_forest
2024-09-13,222.54426752163744,223.00212806640087,220.8820056188433,221.46926879882807,36766600,0.004853873595597635,220.80949279853414,220.10457183525935,0.01147754801751709,51.66695417989931,0.4393023232202893,1.127686374899665,1,0,0,0,isolation_forest
2024-09-16,215.5368837592455,216.21374159471785,212.9290256243428,215.3179168701172,59357400,-0.031487594986964185,220.08571724952108,220.0263817878657,0.013984091923181403,41.617687551002156,-0.11684069861286162,0.8787809601971598,1,0,0,0,isolation_forest
2024-09-17,214.75054527350213,215.8952118613641,213.5063358570856,215.7857208251953,45519300,-0.0036482780674407245,218.91971685359593,220.58678031365682,0.013984569467714241,40.66192984469748,-0.6139616268477823,0.5802324427881713,1,0,0,0,isolation_forest
2024-09-18,216.54219508236315,221.67829484771397,216.53223168732617,219.6676483154297,59894900,0.008342934852990647,218.45473354007848,221.0010965228829,0.01397479363202186,43.827292672915895,-0.8535234904065021,0.2934812561492367,1,0,0,0,isolation_forest
2024-09-19,223.94773787040657,228.75536468744528,223.58940496515828,227.80975341796875,66781300,0.034199075082002706,219.31785930712053,221.60924025010283,0.016944840307119114,54.606206688885216,-0.44073209568227867,0.14663858578293362,1,0,0,0,isolation_forest
2024-09-20,228.90467282845125,232.01021467188832,226.5655530501552,227.1428680419922,318679900,0.022134338150417765,220.52794084989645,222.1768116802012,0.018086455366028913,60.12217902285778,0.28312756459445154,0.17393638154523722,-1,0,0,1,isolation_forest
2024-09-23,226.2868480598011,228.38707413181643,224.7639369712135,225.4208831787109,54146000,-0.01143630986778521,221.216164342201,222.6905938130044,0.018254575581216466,56.23575510802646,0.6381982278295482,0.2667887508020994,1,0,0,0,isolation_forest
2024-09-24,227.59079599939528,228.2875654709032,224.68432442569429,226.3167266845703,43556100,0.005762367326136442,221.93709698188073,223.10798484523332,0.016125392403452895,57.70243450828592,1.0131332186755913,0.4160576443767978,1,0,0,0,isolation_forest
2024-09-25,223.88801837861104,226.2370864319121,222.98224544035924,225.32135009765625,42308700,-0.01626945239382216,223.13011621321863,223.30440363784552,0.016875068964864882,52.33843705060616,0.9999617549320305,0.5328384664878444,1,0,0,0,isolation_forest
2024-09-26,226.24705185494724,227.4414899021518,224.3658077538716,226.46603393554688,36636700,0.010536666916882043,224.77247429628224,223.52769854609778,0.01687799099274604,55.19604061224782,1.1664316631605516,0.6595571058223858,1,0,0,0,isolation_forest
2024-09-27,227.40168136489092,228.4567685573237,226.24705134037436,226.7347717285156,34026000,0.005103401350325276,226.3238294795005,223.65576971306035,0.01631997409514519,56.56859882198893,1.3756713337834015,0.8027799514145889,1,0,0,0,isolation_forest
2024-09-30,228.97432934379907,231.92062377929688,228.58613663255096,231.92062377929688,54541900,0.006915727137411398,227.04191397569943,223.85882401154973,0.016028064512994537,58.43627834065496,1.6493817824887458,0.9721003176294203,1,0,0,0,isolation_forest
2024-10-01,228.45675818805825,228.5861456381701,222.70353511874544,225.1620941162109,63285000,-0.0022603894385195833,226.97792616992896,223.98490407648833,0.01592785581923031,57.559004823235895,1.8037431896205476,1.1384288920276457,1,0,0,0,isolation_forest
2024-10-02,224.8435547212975,226.3166943080492,221.9868549739656,225.72943115234372,32880600,-0.015815699633566882,226.77174140728562,223.98888486357006,0.016654410998284172,51.721459344469864,1.6158933808840175,1.23392178979892,1,0,0,0,isolation_forest
2024-10-03,224.09704443839323,225.759306386038,222.28548343692836,224.6245880126953,34044200,-0.003320132008362897,226.27263404142818,223.94309696981912,0.01666009325412233,50.580093973537984,1.3907521875865427,1.2652878693564447,1,0,0,0,isolation_forest
2024-10-04,226.8442696351952,226.9438124702923,223.091744724082,225.74937438964844,37245100,0.012259087145422898,226.69495564951166,223.94674726388584,0.014075775207225224,54.55463233549138,1.4176623545475309,1.295762766394662,1,0,0,0,isolation_forest
2024-10-07,223.4600360693569,224.64452599576788,220.30472246057155,220.66305541992188,39505400,-0.014918752725297968,226.29681053728444,223.90826036940908,0.01483337424062423,49.29518588773992,1.1526227723612408,1.267134767587978,1,0,0,0,isolation_forest
2024-10-08,223.26094483680063,224.933155033014,222.2158058701156,224.72413635253903,31855700,-0.0008909478225201939,225.70527674755724,223.8266404825239,0.014780098704068446,48.99592849600237,0.915953454121194,1.1968985048946215,1,0,0,0,isolation_forest
2024-10-09,224.1866374402548,228.6857031876272,223.7884964805669,228.47666931152344,33591100,0.004146236163834249,225.02132076133663,223.80109278387357,0.01163664412955086,50.500593133794936,0.7939349827942124,1.1163058004745396,1,0,0,0,isolation_forest
2024-10-10,226.72481576308653,228.43684913724616,226.11764095959848,227.97897338867188,28183500,0.011321719937514851,224.7739004149121,223.7964478370777,0.010352468896517399,54.46703270632465,0.8917645369058391,1.0713975477607995,1,0,0,0,isolation_forest
2024-10-11,228.23777327090536,228.34726430462075,226.2868462669136,226.49588012695312,31759200,0.006673100616386707,225.25878877914178,223.7699045770363,0.010025011385369733,56.694606597897916,1.0789408316408924,1.072906204536818,1,0,0,0,isolation_forest
2024-10-14,227.6405539391785,230.65651637799863,227.54102629778745,230.228515625,39882100,-0.002616654216206382,225.7650044221111,223.72046794191675,0.0099467894168124,55.5395576419943,1.1656518756215917,1.0914553387537729,1,0,0,0,isolation_forest
2024-10-15,232.527799450427,236.38983016358188,231.29353829774288,232.7666931152344,64751400,0.021469133801854667,226.5769372528585,223.88835257591603,0.010288322380088501,62.307129037020346,1.610169835471055,1.1951982380972292,1,0,0,0,isolation_forest
2024-10-16,230.52712470524972,231.0447048824563,228.7752681420796,230.70628356933597,34082200,-0.008604023905553815,227.58652134370035,224.21815072877854,0.010445600645239403,58.38892909669565,1.7804913931683757,1.3122568691114584,1,0,0,0,isolation_forest
2024-10-17,232.348638945834,232.76670668063704,229.4521309302649,231.07456970214844,32993800,0.007901518066098623,228.88476335927655,224.60966160689506,0.010548379371840543,60.80557968845342,2.0389496881269054,1.457595432914548,1,0,0,0,isolation_forest
2024-10-18,235.0859033854084,235.0859033854084,232.92595759952005,233.911376953125,46431500,0.011780849898640922,230.44180135144134,225.01544011824276,0.010814119789095737,64.17290754048659,2.436566886614571,1.6533897236545525,1,0,0,0,isolation_forest
2024-10-21,233.36391138062547,235.75280253487685,233.36391138062547,235.38450622558597,36254500,-0.0073249479444958965,231.39024358251837,225.46766788836413,0.011047540633881319,60.64317232903902,2.5829563051437106,1.8393030399523842,1,0,0,0,isolation_forest
2024-10-22,232.80651969699693,235.12572795126604,231.52250221800776,234.76739501953125,38846600,-0.002388508490155594,232.04292164338858,225.96435662822694,0.009949878365198289,59.50229702434131,2.623749176178876,1.9961922671976828,1,0,0,0,isolation_forest
2024-10-23,232.99563706556216,234.05072423456664,226.7049068825192,229.6910095214844,52287000,0.0008123370806425445,232.80793351858625,226.38307446277835,0.009823314469877109,59.778779195388125,2.6408954130728546,2.125132896372717,1,0,0,0,isolation_forest
2024-10-24,228.9145985013122,229.75071868986197,227.3518795258155,229.5018768310547,31109500,-0.017515514949756783,232.29176195442696,226.63125162569978,0.010799491309763144,51.59313889059884,2.2986804663336784,2.1598424103649094,1,0,0,0,isolation_forest
2024-10-25,228.6757355296476,232.1396101862481,228.50652487676712,230.33799743652344,38802300,-0.001043458884791293,232.0272777864838,226.83563389263344,0.009850534531383771,51.15164163608501,1.9853129579997244,2.1249365198918726,1,0,0,0,isolation_forest
2024-10-28,232.23917058038825,233.6426273223557,231.4727332926884,232.31878662109372,36087100,0.015582917192710433,232.01163944856302,227.39237678667158,0.010481680723641727,57.055647919092074,2.0014350799282283,2.1002362318991437,1,0,0,0,isolation_forest
2024-10-29,232.02018805231756,233.24448591818896,231.24380255804743,232.5875396728516,35417200,-0.0009429181456488411,231.57368011526432,227.9680315459654,0.010522223708580265,56.60289549224877,1.9737893033602631,2.074946846191368,1,0,0,0,isolation_forest
2024-10-30,231.5324398883544,232.38845656475567,228.48661770128336,229.03407287597656,47070900,-0.002102179849337915,231.31204133065418,228.46770637283177,0.01026574481916708,55.54563275682322,1.890727496065125,2.0381029761661194,1,0,0,0,isolation_forest
2024-10-31,228.27759840083365,228.7653339854192,224.32598787156823,224.86349487304688,64370100,-0.014057820533011411,230.66505257405942,228.61203505717933,0.010942568043107682,48.97192575797273,1.5444583546377544,1.9393740518604465,1,0,0,0,isolation_forest
2024-11-01,219.9463649274566,224.30607958110733,219.2496106921502,221.87738037109372,65276700,-0.03649606238956571,228.80087084004433,228.31342479381286,0.01468737747850948,36.92565170800433,0.590964381516244,1.669692117791606,1,0,0,0,isolation_forest
2024-11-04,219.96627293386248,221.75792231303785,218.69220372782075,220.9815368652344,44944500,9.051300489759662e-05,227.52253861612294,228.10273895628154,0.013039050879500375,36.96555297203281,-0.16122158986584623,1.3035093762601155,1,0,0,0,isolation_forest
2024-11-05,220.7725208689619,222.91255498009292,220.11557465497725,222.4148712158203,28111300,0.0036653252534848413,226.3935079503107,227.87546311860044,0.013109185432294796,38.65800855553209,-0.6843877254436848,0.9059299559193554,1,0,0,0,isolation_forest
2024-11-06,221.578756649688,225.02273483375984,220.16533664224423,221.6882476806641,54561100,0.003651884652821513,224.87059167449635,227.79848772763634,0.012884549879762522,40.38184477849675,-1.022161328069899,0.5203116991215047,1,0,0,0,isolation_forest
2024-11-07,223.5894200604507,226.8243646333076,223.52970043689453,226.42620849609372,42137700,0.00907426073313311,223.66619624708682,227.70990000115313,0.012659093126084644,44.565718285328984,-1.1147554018834853,0.19329827892050666,1,0,0,0,isolation_forest
2024-11-08,226.366414165256,227.8511489598711,225.60910803907555,226.15716552734372,38328800,0.012420060412762446,222.92819257235845,227.67539109449865,0.013284573007619692,49.805098164155204,-0.9530702558910491,-0.03597542804180451,1,0,0,0,isolation_forest
2024-11-11,224.2040938441064,224.9016146506588,220.7164746065314,223.4368133544922,42005600,-0.00955230186917666,222.34626334996886,227.51638324450886,0.013434114613220959,46.147629484791196,-0.9880254491124276,-0.22638543225592914,1,0,0,0,isolation_forest
2024-11-12,223.75568869738083,224.79200315214243,222.5698957238352,223.4368133544922,40398300,-0.0019999864366320175,222.89045245995803,227.35968092815295,0.0134001334272209,45.403022977635615,-1.039922658365299,-0.38909287747780313,1,0,0,0,isolation_forest
2024-11-13,223.2175952714209,225.8482560889112,221.97201694486657,224.32366943359372,48566200,-0.0024048256788129496,223.35492707960924,227.30548227982374,0.012714865161097346,44.475614276816486,-1.1116567262797048,-0.5336056472381835,1,0,0,0,isolation_forest
2024-11-14,224.2240421118748,228.06041440281584,224.204108600429,227.4127197265625,44923900,0.004508814993863464,223.8480015428825,227.30971553560644,0.01282379769013086,46.66981971137235,-1.0749038209766297,-0.6418652819858728,1,0,0,0,isolation_forest
2024-11-15,225.59912786989784,226.1172926822584,223.47667285882864,224.2040863037109,47923700,0.006132641910616021,224.4223402886268,227.26821081009658,0.012093196562619637,49.60034015706458,-0.9241657427233747,-0.6983253741333731,1,0,0,0,isolation_forest
2024-11-18,224.45320372664565,228.92732633570628,224.3734848929754,227.21340942382807,44633700,-0.005079470625937166,224.54573795522606,227.30131639867284,0.012115871016573916,47.26923918736258,-0.8869470575966716,-0.7360497108260329,1,0,0,0,isolation_forest
2024-11-19,226.1770839408332,229.34584301691132,225.8582238051146,227.4724884033203,36211800,0.007680354682248147,224.51869078030853,227.39852103547395,0.012406536753738234,51.00008783128974,-0.7101619503673646,-0.7308721587342992,1,0,0,0,isolation_forest
2024-11-20,227.25326410482543,229.11664435033197,225.0909420304879,228.18994140625,35169600,0.00475813086472443,224.95428653183984,227.50074192429292,0.011964171578179028,53.22503471826956,-0.4777129564035363,-0.6802403182681467,1,0,0,0,isolation_forest
2024-11-21,228.07036655131708,229.34583747298603,224.9115819089953,227.71163940429688,42108300,0.003595558680797417,225.57066908240213,227.54559361723395,0.005866002384931941,54.89952143997557,-0.22496881490084775,-0.5891860175946869,1,0,0,0,isolation_forest
2024-11-22,227.2532593649619,229.9038535446,227.2532593649619,229.05685424804688,38168300,-0.003582697738030438,226.14719252433656,227.51277648703586,0.006066098974477828,52.86156248602877,-0.0895684930920595,-0.4892625126941615,1,0,0,0,isolation_forest
2024-11-25,230.64124862727573,232.42491005721112,228.92733167542056,232.04624938964844,90152800,0.014908429792299671,227.06393631225097,227.61279964330575,0.0069358323508467296,59.56413194499697,0.2878020533882477,-0.33384959947767967,1,0,0,0,isolation_forest
2024-11-26,232.50462429580293,234.73670603206307,232.50462429580293,234.2285003662109,45986200,0.008079108483922903,228.050435801666,227.61202713815163,0.007060248144810229,62.70506762313462,0.7288282949474478,-0.12131402059265417,1,0,0,0,isolation_forest
2024-11-27,233.640604190904,234.85628986853752,232.9829351774668,234.09896850585935,33498400,0.004885837856092978,229.36292158227434,227.71580978767344,0.006891081536688409,64.51472102736037,1.156675418342985,0.13428386719447366,1,0,0,0,isolation_forest
2024-11-29,233.97938842310504,236.96877632211965,233.14236346053607,236.490478515625,28481400,0.0014500229246292573,230.4775365083132,227.77016810358248,0.006361436541141837,65.05924263955094,1.5057273151008985,0.40857255677575866,1,0,0,0,isolation_forest
2024-12-02,236.4306920263062,239.93822952974796,236.3210805290228,238.7424774169922,48137100,0.010476579239400596,231.78859763995325,227.8149943916124,0.005686911778447272,68.79093822355992,1.957587324324976,0.7183755102856022,1,0,0,0,isolation_forest
2024-12-03,238.96170621081689,241.9012679940841,238.0549215480856,241.79165649414065,38861000,0.010705099929365636,233.3445033055961,228.00158755261876,0.00570131390008759,72.10378489793482,2.4912042770475296,1.0729412636379876,1,0,0,0,isolation_forest
2024-12-04,242.01088645785893,243.2465056559754,240.3966217802532,242.150390625,44383900,0.012760120838574807,235.45273574743854,228.30839977798084,0.00568361718432998,75.48057527782505,3.1241298947332723,1.4831789898570444,1,0,0,0,isolation_forest
2024-12-05,243.12691898237583,243.6749612569442,241.2734979097132,242.1802673339844,40033900,0.00461149719688847,237.23640294102424,228.64610917520795,0.005681880992551894,76.59719469457103,3.67343740462249,1.9212306728101336,1,0,0,0,isolation_forest
2024-12-06,242.0507319698173,243.7646488451358,241.2236661935451,241.98097229003903,36870600,-0.004426441206358378,238.60013260874058,229.0839802908248,0.006303039295227526,73.13831521759593,3.976094325560979,2.3322034033603027,1,0,0,0,isolation_forest
2024-12-09,240.97455722335047,246.3654236467989,240.89483838917155,245.8771514892578,44649200,-0.004446071026965592,239.64784018480438,229.49394101394822,0.006226478437626644,69.74655561119462,4.082058379848064,2.682174398657855,1,0,0,0,isolation_forest
2024-12-10,246.0166626912396,247.33200068563025,244.4721425450312,246.8935546875,36914800,0.02092380841358188,241.3674507945379,229.9531907509766,0.007519713942399681,75.48319763924727,4.520778706088663,3.049895260144017,1,0,0,0,isolation_forest
2024-12-11,247.0828737526952,249.91282389632013,245.38887516358943,245.6180725097656,45205800,0.004333897752258231,242.88919104116488,230.45528027432252,0.00752617195227517,76.4980497686305,4.898040485611659,3.4195243052375455,1,0,0,0,isolation_forest
2024-12-12,246.01666340683192,247.8601253939288,244.81093690846672,247.0828857421875,32777500,-0.004315193237271697,243.89704206916704,230.93808772493847,0.008003964437759014,73.23342926261293,5.052744011942707,3.746168246578578,1,0,0,0,isolation_forest
2024-12-13,246.9433725816478,248.40815863747187,245.36895982515324,247.2522735595703,33155300,0.003766855309647932,244.60168294399404,231.56028019763227,0.00759626770291536,74.2615633515146,5.190294868319086,4.03499357092668,1,0,0,0,isolation_forest
2024-12-16,247.1127635400456,250.49077111704125,246.7739547032778,250.15196228027344,51694800,0.0006859506154262007,245.17108930937542,232.46582681805188,0.00725359955878548,74.45471535486075,5.252426642864293,4.278480185314203,1,0,0,0,isolation_forest
2024-12-17,249.1953766416157,252.93211150871377,248.8964348112852,252.58334350585935,51356400,0.008427784432238017,246.19175283391806,233.440130274977,0.007265707909219062,76.7635357578161,5.407383048198909,4.504260757891145,1,0,0,0,isolation_forest
2024-12-18,251.26802371656945,253.3805196542609,246.86366065893745,247.1725616455078,56774100,0.00831735766083086,247.662248047235,234.4566470365639,0.0073196570970394306,78.81562612991578,5.632504408235718,4.72990948796006,1,0,0,0,isolation_forest
2024-12-19,246.6245097734382,251.1085917693189,246.2159564313249,248.90640258789065,60882300,-0.01848032182705872,247.749083344692,235.29150547402224,0.009672205566607455,64.97176636027014,5.374270693049084,4.858781728977865,1,0,0,0,isolation_forest
2024-12-20,247.16260139536692,254.09798847685343,244.8209231734688,253.5897979736328,147495300,0.0021818254090926192,247.7604730079308,236.07727818518612,0.009484661949128097,65.72311307674877,5.153630268449376,4.917751436872168,1,0,0,0,isolation_forest
2024-12-23,253.8688035675433,254.74568039470608,252.55346551957817,254.36703491210935,40858800,0.027132754447138252,248.88220731660385,236.99402449859568,0.011320712067067562,73.38524633792402,5.457000704296149,5.025601290356964,1,0,0,0,isolation_forest
2024-12-24,254.5862615131284,257.2966260773909,254.386956808638,257.28668212890625,23234700,0.002826097320753451,249.97404859252964,238.00676342089642,0.01106421242059093,74.05348538298969,5.689729164458726,5.158426865177317,1,0,0,0,isolation_forest
2024-12-26,257.27667867815336,259.1799258751944,256.7186620602343,258.1037292480469,27237100,0.010567801848515135,251.4260364694022,239.12412975358887,0.011216202294762714,76.44213867202336,6.02184623143188,5.3311107384282295,1,0,0,0,isolation_forest
2024-12-27,256.917949151404,257.78489719249416,252.16483330495137,254.68588256835935,42355300,-0.0013943336356503355,252.52926111365767,240.2474748829216,0.011067035956263635,75.44481603646179,6.18481028198147,5.501850647138878,1,0,0,0,isolation_forest
2024-12-30,251.33776924994547,252.60328106925755,249.86300878941356,251.3078765869141,35557500,-0.02171969657974382,252.53922476128284,241.151265787524,0.012926593786909349,61.913143966555324,5.79686394446685,5.560853306604473,1,0,0,0,isolation_forest
2024-12-31,251.5470385357527,252.38406352835983,248.54767617168997,249.5341796875,39480700,0.0008326217202920816,253.24244315589914,242.01619614305247,0.011866117551858632,62.187051876724354,5.443550102325048,5.537392665748588,1,0,0,0,isolation_forest
2025-01-02,248.0494437119358,248.21885574509324,240.9646087657824,242.9874267578125,55740700,-0.013904337113950116,253.36913491540898,242.80273747589547,0.012531810186527405,55.05993569146072,4.825692090743331,5.395052550747537,1,0,0,0,isolation_forest
2025-01-03,242.4991607666016,243.3162522656288,241.0343593963996,242.4991607666016,40244100,-0.022375712125280334,251.74490022956022,243.34680670342107,0.013903684130406381,46.04215234969644,3.8438640451099957,5.084814849620029,1,0,0,0,isolation_forest
2025-01-06,243.4457849039297,246.45510633108967,242.33971076643533,244.1333465576172,45045600,0.003903618199484038,250.1534035711032,243.88655739672458,0.013907291817255855,47.61792630582429,3.106335005553234,4.689118880806671,1,0,0,0,isolation_forest
2025-01-07,242.12049100282684,244.681407317594,240.496267218822,241.3532257080078,40856000,-0.0054438975052529814,247.98823390319941,244.35489487844154,0.013948986028465326,45.60968594422361,2.3873775835270408,4.228770621350745,1,0,0,0,isolation_forest
2025-01-08,241.06422159829904,242.84789810210984,239.20084146962276,241.84146118164065,37628900,-0.004362577492524,245.72341568132728,244.81526028621948,0.013674323666454944,44.016353293047075,1.7126244646720465,3.725541390015006,1,0,0,0,isolation_forest
2025-01-10,239.16098682233465,239.3104653375161,232.1757893628752,236.01217651367188,61710900,-0.007895135841169632,243.98387533452575,245.09925155938808,0.013391405288326745,41.22200321125819,1.0126296519347022,3.182959042398945,1,0,0,0,isolation_forest
2025-01-13,232.7039288898965,233.8398957390806,228.90740850459227,233.5708465576172,49630700,-0.026998792814126094,241.29200252797486,245.1058950458579,0.014290781771351839,33.46078516421858,-0.06243221193648196,2.5338807915318595,1,0,0,0,isolation_forest
2025-01-14,233.91960476413303,235.28475371553364,231.6476711610837,232.45480346679688,39435300,0.005224131281478028,239.27345410686016,245.11519506496552,0.014415362214404233,35.907459014386944,-0.8070286770025916,1.8656988978249693,1,0,0,0,isolation_forest
2025-01-15,233.8099793161749,238.11470496290485,233.60071548412043,237.02854919433597,39832000,-0.0004686458326940146,238.03214247108494,245.10954809473452,0.011434340056269008,35.77969360464948,-1.3899501178231048,1.2145690946953547,1,0,0,0,isolation_forest
2025-01-16,236.51041752509497,237.1680713225123,227.22337827123215,227.4525604248047,71759100,0.011549713219333402,237.04137570268,245.1122056113608,0.012155568324605641,41.31874690871318,-1.615395490770652,0.6485761776021532,1,0,0,0,isolation_forest
2025-01-17,231.2989028272768,231.4682996512766,227.67177943063624,229.16647338867188,68488300,-0.022035032335373517,235.4954345347443,244.85677883190948,0.01202941281373984,35.03793141745926,-2.1893507817575255,0.08099078573021751,1,0,0,0,isolation_forest
2025-01-21,223.20762199269612,223.62613445935492,218.6039696546368,221.85243225097656,98070400,-0.034981924841307466,232.94449173394383,244.23000334973736,0.013917786113836147,27.93737369818112,-3.259539286779244,-0.5871152287716749,1,0,0,0,isolation_forest
2025-01-22,219.0125058897086,223.32719072748344,219.0125058897086,223.0382232666016,64126500,-0.01879468122788741,230.06613731499723,243.4261895799818,0.013747706485822464,25.09751859589906,-4.395513453780694,-1.3487948737734787,1,0,0,0,isolation_forest
2025-01-23,223.94503224654224,226.2269251350915,221.51366083038823,222.8688507080078,60234800,0.022521665312197348,228.81486636594667,242.82266625587263,0.01605408716035503,33.63900766438903,-4.84195249685456,-2.047426398389695,1,0,0,0,isolation_forest
2025-01-24,223.9848686181573,224.831867935065,220.6267944226493,221.991943359375,54697900,0.00017788459612355645,227.395618345093,242.2563433023662,0.016106705236293158,33.70476054311517,-5.133369899853648,-2.6646150986824857,1,0,0,0,isolation_forest
2025-01-27,223.2275524150376,231.32878288695173,223.18768539696657,229.04689025878903,94863400,-0.003381104303124771,225.88384307350194,241.49670629315946,0.015513818398364625,33.03463893607601,-5.36360112467608,-3.2044123038812047,1,0,0,0,isolation_forest
2025-01-28,230.03341371427896,239.3403714135585,229.9935466927377,237.4171905517578,75707600,0.03048844654528815,224.95855681481393,240.92839095854558,0.01818751200497999,43.84084966603832,-4.939940343903203,-3.551517911885605,1,0,0,0,isolation_forest
2025-01-29,233.2918357915463,239.01153699982427,233.1822242894862,238.5133056640625,45486100,0.014164994661665098,225.24326152399527,240.50423003803607,0.018802920858117585,48.154484187336784,-4.291785659425557,-3.6995714613935955,1,0,0,0,isolation_forest
2025-01-30,237.825723654139,239.93821947161277,236.37089679279623,236.74954223632807,55658300,0.019434404325421317,227.3315617613443,240.20030840711908,0.0196755151953933,53.505900924002376,-3.3733852576544905,-3.634334220645775,1,0,0,0,isolation_forest
2025-01-31,246.31561143302469,246.31561143302469,232.61424963136,235.16519165039065,100959800,0.03569793733175897,231.2320054103894,240.1737366702184,0.021798682099240112,61.51624044313716,-1.9381416413397687,-3.2950957047845737,1,0,0,0,isolation_forest
2025-02-03,229.1764524471141,231.00994009075865,224.90161912474943,227.2034454345703,73063300,-0.06958210600699533,231.97935115332828,239.50643919706832,0.028228319088154014,44.753294634419326,-2.158802298187595,-3.067837023465178,1,0,0,0,isolation_forest
2025-02-04,226.44613087125,232.3053359547129,225.84824721606736,231.97650146484372,45067300,-0.0119136217822996,232.33096004662724,238.67904276889107,0.028322475381445913,42.75457391308435,-2.524886274155108,-2.9592468736031643,1,0,0,0,isolation_forest
2025-02-05,227.72160926815613,231.84696405052935,227.46253445166025,231.64767456054688,39620300,0.0056325908153020965,232.9729681685013,238.04894608538163,0.028393662898746803,44.01251995400594,-2.681183006864728,-2.9036341002554775,1,0,0,0,isolation_forest
2025-02-06,230.47183871784503,232.9729696905443,229.61488023403817,232.39501953125,29925300,0.012077156219506335,233.0356003118679,237.49258732946424,0.02841265571353742,46.7307029450961,-2.5536913968259682,-2.8336455595695758,1,0,0,0,isolation_forest
2025-02-07,231.77720359418532,233.1722451327125,226.4560818290891,226.8247833251953,39707200,0.0056638801668882355,232.8192242836735,236.75620066368566,0.027828394346973317,48.02063378992903,-2.3205712404570704,-2.7310306957470747,1,0,0,0,isolation_forest
2025-02-10,229.0094413336025,230.02693972945136,226.64521806905947,227.0941162109375,33115600,-0.011941477495038044,231.55975538073966,235.90363999103477,0.026201412298765058,45.504545993383694,-2.33227213884183,-2.651278984366026,1,0,0,0,isolation_forest
2025-02-11,227.64279618723117,234.6556296697615,227.57297502290857,232.052001953125,53718400,-0.005967636698351209,228.89221034562632,234.915843908004,0.025630328483820606,44.27107308285941,-2.423881035134798,-2.6057993945197806,1,0,0,0,isolation_forest
2025-02-12,230.63545743654387,236.38140252594317,230.11672290007743,236.29161071777344,45243300,0.013146303328884112,229.10063962983057,234.03976085084204,0.02520208994985692,47.61942844420815,-2.2293009991213353,-2.5304997154400914,1,0,0,0,isolation_forest
2025-02-13,236.33153226758247,241.7482663414184,234.99480784534867,240.94024658203125,53614100,0.024697307579454986,230.51283982930664,233.53955295142993,0.02587817087377863,53.363026400418875,-1.5970593775564623,-2.3438116478633657,1,0,0,0,isolation_forest
2025-02-14,240.66092045804317,244.9504238462646,240.40156080072012,244.00274658203125,40896200,0.018319130540561224,232.3613128564334,233.17668234883962,0.026041216629105763,57.204090747290905,-0.7381489707944411,-2.022679112449581,1,0,0,0,isolation_forest
2025-02-18,243.55383619329416,244.5813199542748,241.2494791133952,243.87306213378903,48822500,0.012020712501826125,234.23016963864035,233.0268287648849,0.025141625174198212,59.598574269414975,0.1739723919683911,-1.5833488115659866,1,0,0,0,isolation_forest
2025-02-19,244.0626007630516,245.40929524371265,242.56626341463,244.27207946777344,32204200,0.002088920370581393,235.98522637704986,233.07894343143323,0.024987115195647332,60.02221149975871,0.9272000077664302,-1.0812390476995033,1,0,0,0,isolation_forest
2025-02-20,244.34191013103748,246.1774135823035,243.69348816231408,245.229736328125,32316900,0.0011444169123522308,238.1755790623977,233.10881427233682,0.02456600516160574,60.268523437034865,1.5290503115186027,-0.5591811758558821,1,0,0,0,isolation_forest
2025-02-21,245.34944139409683,248.08275639920348,244.6212281548445,244.95042419433597,53197400,0.004123448419139475,240.70509980623567,233.21644595204583,0.022629130316885324,61.1972480047303,2.0635332393004546,-0.03463829282461478,1,0,0,0,isolation_forest
2025-02-24,244.3319283268952,248.25234005966587,243.82317911276243,246.49664306640625,51326400,-0.004147199445085459,242.66173850485728,233.32536950966568,0.010853179997406232,59.68003197061704,2.3776024880216937,0.44780986334464695,1,0,0,0,isolation_forest
2025-02-25,247.3944454522674,249.38956194785015,244.3119941197594,246.4367828369141,48013300,0.012534248578740081,244.24215467409797,233.59981813066346,0.009910949093680973,62.679128995111085,2.8408763141091242,0.9264231534975425,1,0,0,0,isolation_forest
2025-02-26,243.7333937698084,244.3818005030484,238.5460942392985,239.7730865478516,44433600,-0.014798439293033261,244.68107943292156,233.96746695999386,0.011419655394089429,57.20153271437391,2.8794157722537363,1.3170216772487815,1,0,0,0,isolation_forest
2025-02-27,238.82541422357912,241.86796980219768,236.4811463462344,236.72056579589844,41153600,-0.020136672576202552,244.00559058010518,234.1309939419754,0.01300346379831431,50.793080010044704,2.485276913582311,1.5506727245154877,1,0,0,0,isolation_forest
2025-02-28,236.37142201455796,241.4988707612677,229.63790389196947,241.24948120117188,56833400,-0.01027525574277377,242.90685075889178,234.2163753652548,0.013408375405803327,47.90329192759711,1.9523963561989035,1.6310174508521709,1,0,0,0,isolation_forest
2025-03-03,241.19958958341564,243.43412542285543,235.5334663348245,237.4487762451172,47184000,0.0204261899670779,242.45794782351723,234.3726811005322,0.013702278490358244,53.5077756289752,1.8978007813350644,1.6843741169487498,1,0,0,0,isolation_forest
2025-03-04,237.1295800554318,239.4838181516717,234.10696453181083,235.3539123535156,53798100,-0.016874031730374384,241.28368191799365,234.56703700813736,0.014582011904556777,48.747067080716434,1.5087259864733937,1.6492444908536787,1,0,0,0,isolation_forest
2025-03-05,234.8451569942085,235.97240266650644,228.67026910680244,235.1643829345703,47227600,-0.009633648660320127,239.928428870467,234.95495484152107,0.014635906936299061,46.25924656127239,1.0044686695300413,1.5202893265889514,1,0,0,0,isolation_forest
2025-03-06,233.86756011302523,237.27920752401755,232.59068676229825,234.75538635253903,45170400,-0.004162729577631419,237.99601667914663,235.45012331563163,0.01304712275906783,45.196228352432,0.5199634002689209,1.3202241413249456,1,0,0,0,isolation_forest
2025-03-07,234.53591456798168,240.78062356819368,234.1867631010968,238.4862518310547,46273600,0.0028578331027759862,236.6820910788857,235.80315272634627,0.011922054039997179,46.10802495983986,0.18775577089823514,1.0937304672396035,1,0,0,0,isolation_forest
2025-03-10,234.96486230654432,235.583358769024,223.6725108894593,226.92454528808597,72071200,0.0018289213374964586,236.13058366216643,236.16915251595918,0.011310420118650301,46.72069730122341,-0.04044247548574731,0.8668958786945334,1,0,0,0,isolation_forest
2025-03-11,223.2635152882841,225.2885573705892,216.9190440448537,220.3007659912109,76137400,-0.04980041229736798,234.258025558413,236.17035127840074,0.016840436980430966,35.023539095346095,-1.1522101802291616,0.4630746669097945,1,0,0,0,isolation_forest
2025-03-12,219.60246770742089,221.20853706339403,214.38524243690583,216.4501800537109,62547500,-0.016397876635311337,231.17272243327096,235.82265307817215,0.01690378993506082,32.29887689585367,-2.3021720330715993,-0.08997467308648427,1,0,0,0,isolation_forest
2025-03-13,215.4227092543014,216.3105355217808,207.9110965632093,209.1680145263672,61368300,-0.019033294556089597,228.0717408902523,235.22701552693064,0.01681575768396328,29.479203079628704,-3.5103317427204104,-0.7740460870132695,1,0,0,0,isolation_forest
2025-03-14,210.7341834889886,213.42758776028128,209.0682630129612,212.96871948242188,60107600,-0.021764306008138168,224.6273161037923,234.3239641880923,0.017072599234414298,26.66694882023009,-4.790905288621502,-1.577417927334916,1,0,0,0,isolation_forest
2025-03-17,212.78914514941675,214.69448503570536,209.4573042902151,213.4774627685547,48073400,0.009751439592786904,221.61611396613398,233.206415311972,0.016799387112301875,29.82676934315394,-5.575677874024166,-2.3770699166727662,1,0,0,0,isolation_forest
2025-03-18,213.6370660568716,214.62463892519543,210.97358751075308,212.170654296875,42432400,0.003984793993412783,218.63056417883254,232.6884357656306,0.017181610354598472,31.145128190762733,-6.059347287360083,-3.1135253908102296,1,0,0,0,isolation_forest
2025-03-19,213.6969181399133,218.22582565599035,213.2280645696868,214.7144317626953,54385400,0.00028015776544032533,215.59228644074236,232.26346200791937,0.017050693090886387,31.243322350791146,-6.3644636440346005,-3.7637130414551043,1,0,0,0,isolation_forest
2025-03-20,213.4674927164621,216.9589465476154,211.70181037410745,213.5772247314453,48862900,-0.0010736019286015086,214.1928546447678,231.7883247895296,0.017123981517915887,31.060467733074304,-6.549287163595807,-4.3208278658832455,1,0,0,0,isolation_forest
2025-03-21,211.04340788811464,218.30563028145065,210.764092813104,217.73703002929688,94127800,-0.011355756314462506,212.97013181343831,231.14071042853857,0.015189354886095463,29.121153222944315,-6.812830452537952,-4.8192283832141865,1,0,0,0,isolation_forest
2025-03-24,220.460369765545,220.9391934559484,218.04628066528423,220.19102478027344,44299500,0.044620971446892144,213.68979760075885,230.76348263425055,0.02073603168690273,43.80086607518514,-6.190460509748448,-5.093474808521039,1,0,0,0,isolation_forest
2025-03-25,220.23093972638688,223.5528105346996,219.5426220965296,223.2036590576172,34493600,-0.0010406860852230082,215.0464770632443,230.47086591401006,0.020715257418394837,43.56413560035815,-5.650604284079861,-5.204900703632804,1,0,0,0,isolation_forest
2025-03-26,222.96422035625235,224.4705429297273,219.9316502269997,220.9890594482422,34466100,0.012410974739794911,216.5000592356494,230.31491338631076,0.021196547355452382,47.223697200261554,-4.9452061734490655,-5.152961797596056,1,0,0,0,isolation_forest
2025-03-27,220.8494059295757,224.4406214835582,220.0214308095873,223.30340576171875,37094800,-0.009484994602710684,217.53039350317857,229.9887116694118,0.021182106023079038,44.802930026112655,-4.504891355299975,-5.02334770913684,1,0,0,0,isolation_forest
2025-03-28,221.12873402087155,223.26350805320467,217.1484711493609,217.3679351806641,39818600,0.0012647898694593263,218.5920814861726,229.48195172785478,0.021170540910694938,45.20248901118406,-4.086294982170415,-4.835937163743555,1,0,0,0,isolation_forest
2025-03-31,216.4801074447652,225.06908447075045,215.7020132379398,221.58761596679688,65299300,-0.021022263780823613,219.02245501878733,228.6759246274122,0.017466782877246973,40.01155998353726,-4.082598006648084,-4.685269332324461,1,0,0,0,isolation_forest
2025-04-01,219.2732679074421,223.13381331282267,218.36548628233527,222.64501953125,36412700,0.012902619532326076,220.19814930726267,227.86657235121712,0.01737198296982367,44.16088253164279,-3.810359963200284,-4.510287458499626,1,0,0,0,isolation_forest
2025-04-02,220.77959080525144,224.6401362151353,220.4803202973195,223.3433074951172,35905900,0.006869614851752859,220.24375231293502,227.09047201929044,0.016545005140534648,46.31738598618515,-3.433482632887973,-4.294926493377296,1,0,0,0,isolation_forest
2025-04-03,205.03811566571247,206.9833664271943,200.75859747782036,202.69386291503903,103419000,-0.07129950319286738,218.0733488756958,225.78034553711296,0.025083968623603552,32.28515958281433,-4.354810574596428,-4.306903309621122,-1,0,0,1,isolation_forest
2025-04-04,193.4165691841804,199.391948603074,186.88255957870848,187.92002868652344,125910900,-0.05667993213749323,213.8522558511141,224.0492497967824,0.028772156252841737,26.018129351690348,-5.954096167628734,-4.636341881222644,-1,0,0,1,isolation_forest
2025-04-07,176.76731422169505,193.6759230716255,174.19361217758157,181.0169219970703,160466300,-0.08607977606422712,207.55481417855975,221.79709599327572,0.035543265053047404,20.021884401873592,-8.467390447865029,-5.402551594551121,-1,0,0,1,isolation_forest
2025-04-08,186.244123618335,189.87523506652792,168.79683943762106,171.99899291992188,120859500,0.053611774543083746,202.57129840676882,219.75875193214463,0.03967482540410534,29.921935195387235,-9.5840163799665,-6.238844551634197,-1,0,0,1,isolation_forest
2025-04-09,171.53013119082922,200.1201531468693,171.47028013366514,198.3644561767578,184395900,-0.0790037942762627,196.14987322763508,217.3519765128453,0.0437327036501165,24.790835188397295,-11.523411974776167,-7.295758036262591,-1,0,0,1,isolation_forest
2025-04-10,188.6083530498886,194.30440235729915,182.55316692796467,189.95504760742188,121880000,0.09956397596443067,191.76917110512747,215.67807447372232,0.05335326678225688,38.06617156498765,-11.549195247197531,-8.14644547844958,-1,0,0,1,isolation_forest
2025-04-11,185.64558871717136,199.05275825525484,185.6056778647687,197.6661529541016,87435900,-0.015708553119773816,186.75002794968745,213.98721336380945,0.05128839969089667,36.85093068911421,-11.674126928801996,-8.851981768520064,-1,0,0,1,isolation_forest
2025-04-14,210.9237150406947,212.42005238891585,200.6688176319417,202.02549743652344,101352900,0.1361633556617079,187.5908278603992,212.9780175457187,0.06469083988874348,51.173252287477304,-9.622480682840092,-9.006081551384069,-1,0,0,1,isolation_forest
2025-04-15,201.36710824854453,203.01307326666696,199.31214069618733,201.64642333984372,51343900,-0.045308356105459135,188.72661915530836,211.7859351521558,0.06559117355321469,46.8473653957287,-8.667758032724151,-8.938416847652086,-1,0,0,1,isolation_forest
2025-04-16,197.8756484915953,200.2099310657198,191.9002692932641,193.79563903808597,59732400,-0.017338778846839986,191.7420954795798,210.55361820206872,0.06566325889881777,45.339384742218805,-8.099499093356059,-8.77063329679288,-1,0,0,1,isolation_forest
2025-04-17,196.71848747425943,198.34451232255947,193.9452767059697,196.4990234375,52164700,-0.005847920277997409,193.2384331732833,209.31531578077653,0.06563138617753869,44.82439747010399,-7.654289132631703,-8.547364463960644,-1,0,0,1,isolation_forest
2025-04-21,192.79807124065383,193.32677585155807,189.3465132845993,192.68833923339844,46742500,-0.01992906860936794,196.27671032325824,207.92405433653227,0.06561326016960761,43.040691835099075,-7.530989300185098,-8.344089431205536,-1,0,0,1,isolation_forest
2025-04-22,195.64111763020085,201.097762433896,195.49148998245192,199.25228881835935,52976400,0.014746238752556318,197.2813909775886,206.61326284732078,0.0656565827490467,44.75748745808712,-7.121767904085772,-8.099625125781582,-1,0,0,1,isolation_forest
2025-04-23,205.49700887470837,207.4921254657249,202.30482537338813,204.10043334960935,52929200,0.05037740207115893,200.117308142951,206.0210459668683,0.06732911789209627,50.344942257643986,-5.933768159385238,-7.666453732502314,-1,0,0,1,isolation_forest
2025-04-24,204.38970763388747,208.32008954356945,202.44447210591892,207.8612060546875,47311000,-0.005388405636093885,199.1838785134071,205.51395396441714,0.06443196165996735,49.73629094612976,-5.023709561985839,-7.137904898399019,1,0,0,0,isolation_forest
2025-04-25,205.86608387594285,209.2378355121778,205.69650080604464,208.76898193359372,38222300,0.00722333946824727,199.82658931732115,205.19539978513856,0.062206535488362705,50.5939385798106,-4.13567683460596,-6.5374592856404075,1,0,0,0,isolation_forest
2025-04-28,209.48723454234343,210.9835719319316,206.95344326011443,209.62689208984372,38743100,0.017589836063441666,201.4853873245709,205.15383482025038,0.05626026225813069,52.72464394660276,-3.1039277576056747,-5.8507529800334614,1,0,0,0,isolation_forest
2025-04-29,208.18042396697467,211.72175863443917,207.86119803545407,210.69427490234372,36827600,-0.006238139418011213,203.12280682353023,205.00021078083566,0.055252967561604464,51.85550588331027,-2.364451942519679,-5.153492772530705,1,0,0,0,isolation_forest
2025-04-30,208.78894157113288,213.0584895980106,206.16535854293036,211.9811248779297,52286500,0.0029230299014797456,205.40721687074148,204.83860663131102,0.049180238650966594,52.250228130941814,-1.7096025127899281,-4.46471472058255,1,0,0,0,isolation_forest
2025-05-01,208.5694808389541,214.0360957896086,208.3899124386699,212.79913330078125,57365700,-0.0010511128153021243,207.2541259005634,204.6676920546124,0.042847822574138536,52.084376096144574,-1.1945680320895065,-3.8106853828839413,1,0,0,0,isolation_forest
2025-05-02,205.58677037884885,206.4845819118293,201.66637387157863,204.8485870361328,101010600,-0.01430080013675794,207.26694897258344,204.40500131002528,0.04278947796894842,49.77200920332896,-1.0153746946592435,-3.251623245239002,1,0,0,0,isolation_forest
2025-05-05,202.6040848015313,203.60164304236295,197.72602561272544,198.40435791015625,69018500,-0.014508159118513109,207.0118599965326,204.1236905404725,0.022007520369737993,47.50092915647392,-1.1013448644396817,-2.821567569079138,1,0,0,0,isolation_forest
2025-05-06,197.72601327833053,200.16004244803628,196.53891661034845,198.0252685546875,51216500,-0.0240768666040434,205.84899276830225,203.36587865756533,0.01942110354466516,43.96743955904985,-1.5452833826205392,-2.5663107317874183,1,0,0,0,isolation_forest
2025-05-07,198.6836658614824,198.9530108388585,192.77812311451905,195.7707977294922,68536700,0.0048433312707509835,204.30562581389353,202.64763619540187,0.018894725686576366,44.83501986003696,-1.799094455671849,-2.412867476564305,1,0,0,0,isolation_forest
2025-05-08,197.2372161152265,199.56152863729463,194.20463054641704,197.00778198242188,50478900,-0.007280164375788933,202.74231040650096,201.79006938736765,0.018935307907570805,43.73357133284066,-2.0928330886108313,-2.3488605989736104,1,0,0,0,isolation_forest
2025-05-09,198.51409591462888,200.0503289543839,197.05765414160052,198.0452423095703,36453900,0.006473827934462717,201.27447531271466,201.04555905353612,0.018054295209979337,45.017678480282086,-2.197260887244738,-2.318540656627836,1,0,0,0,isolation_forest
2025-05-12,210.7308445260501,211.0305074927824,206.5156271207593,210.5510406494141,63775800,0.06154096289804545,201.58324155372836,200.69896273704205,0.023925227008607258,55.48525427063141,-1.2794820836992926,-2.110728942042128,1,0,0,0,isolation_forest
2025-05-13,210.19144790738707,213.1580823159532,208.76307628033237,212.6886138916016,51909300,-0.0025596472119502334,202.24105262923382,200.4893407524628,0.020192831102775147,54.98748945162137,-0.5888724142200488,-1.806357636477712,1,0,0,0,isolation_forest
2025-05-14,212.18917192393891,213.69746987061376,210.34127831689767,212.08929443359372,49325800,0.009504306842360588,203.61035078957778,200.25320421967936,0.020177320592719466,56.54246533368031,0.11827693400539374,-1.4214307223810911,1,0,0,0,isolation_forest
2025-05-15,210.71086343228012,212.7185946451233,209.30245815432872,211.21029663085935,45029500,-0.006966936522984857,205.46532938299916,199.91757997391363,0.020297500703396042,55.02756187776832,0.553035695428548,-1.0265374388191635,1,0,0,0,isolation_forest
2025-05-16,212.11926693678467,212.32903558469047,209.53220664773164,211.0205078125,54737900,0.006684057392974285,207.3847009651852,200.15361834961604,0.01985131466158329,56.23072976074674,0.9997075322826277,-0.6212884445988053,1,0,0,0,isolation_forest
2025-05-19,207.67431083672196,209.2425231134968,204.02843943795537,208.54331970214844,46140500,-0.02095498520361838,208.87571449682738,200.62887640470078,0.020642018129462394,51.543870750716806,0.9836880285902794,-0.3002931499609884,1,0,0,0,isolation_forest
2025-05-20,207.4345828831543,208.2336790492342,204.79757620413463,206.62550354003903,42496600,-0.0011543457281827374,210.1500697780453,201.6511186934161,0.02062665664159009,51.295543892550725,0.9408034179645028,-0.05207383637589014,1,0,0,0,isolation_forest
2025-05-21,204.93741112479617,206.8052863577864,200.4824756537251,201.86090087890625,59211800,-0.012038357942295241,209.32243643500902,202.2742282769648,0.020866215197970425,48.665389238899245,0.6972783728705565,0.0977966054733992,1,0,0,0,isolation_forest
2025-05-22,200.4824720941681,202.52015274475195,199.4736073247078,201.13172912597656,46742400,-0.02173804678305058,207.93543989026347,203.2393063070761,0.021319090786543014,44.301276873315345,0.14315645335517502,0.10686857504975437,1,0,0,0,isolation_forest
2025-05-23,193.4504526925712,197.4758830409797,193.2406992850713,195.04864501953125,78432900,-0.035075482300985894,205.25848000006803,203.40070962849884,0.022925994153905418,38.44128986318157,-0.8535748769151041,-0.08522011534321733,1,0,0,0,isolation_forest
2025-05-27,198.07520901450675,200.51244545494848,197.20618488735448,199.9830474853516,56288500,0.023906670972154043,203.4533865118147,203.81503030507668,0.023127679511852142,43.714448236537706,-1.2558359575489249,-0.3193432837843589,1,0,0,0,isolation_forest
2025-05-28,200.3626002526684,202.50017366149785,199.6733800230216,200.1927947998047,45339700,0.011548094532082942,201.77386269979812,203.4629931454758,0.023296231814712052,46.17050224859493,-1.3742162956559696,-0.530317886158681,1,0,0,0,isolation_forest
2025-05-29,203.3492174371598,203.57895243464628,198.28495762525483,199.72332763671875,51396800,0.01490606121464344,201.15599221414638,203.52906345176297,0.023454757356867455,49.282387514852545,-1.2130551749467315,-0.6668653439162912,1,0,0,0,isolation_forest
2025-05-30,199.143981266816,201.73105672211125,196.55692105301176,200.622314453125,70819900,-0.020679873880721122,199.9716205546695,203.571341210937,0.024205687576179198,45.310494301959174,-1.408425784276659,-0.8151774319883648,1,0,0,0,isolation_forest
2025-06-02,200.05295557621693,201.9008644592711,199.8931332988897,201.47134399414065,35423300,0.004564407639229939,199.27384119058675,203.68249014766891,0.016813245126939762,46.31761956657662,-1.4729327180812106,-0.946728489206934,1,0,0,0,isolation_forest
2025-06-03,201.1217444882778,203.5389992121068,200.7321872237246,203.03956604003903,46381600,0.005342529976537502,199.3651658183167,203.95994592258972,0.01698176270527386,47.54089810949447,-1.4214272661901362,-1.0416682446035743,1,0,0,0,isolation_forest
2025-06-04,202.6799822074808,206.00620910456837,201.8709028727957,202.590087890625,43604000,0.007747733708096449,200.68367003473236,204.19457474183238,0.016888414362457388,49.352964394531924,-1.2405715269522375,-1.081448901073307,1,0,0,0,isolation_forest
2025-06-05,203.26931435006065,204.5178973620389,199.92310578136212,200.40257263183597,55126100,0.0029076978207771553,201.42568508266865,204.12031825767744,0.01692229446242398,50.05563346433151,-1.0377256170078795,-1.0727042442602215,1,0,0,0,isolation_forest
2025-06-06,202.76987228695745,205.4668084267123,201.82095228760733,203.68882751464844,46607700,-0.002457046036191568,201.76958108756708,204.0663237461131,0.016718669230999614,49.429747988918024,-0.906816357931433,-1.0395266669944638,1,0,0,0,isolation_forest
2025-06-09,204.15830357568728,205.76647909477697,199.79326227022588,201.2216339111328,72862600,0.006847325359878642,201.88516482164246,204.0093977361046,0.016071292099079863,51.25448602509399,-0.6831599825405874,-0.9682533301036886,1,0,0,0,isolation_forest
2025-06-10,200.3726011094186,204.11835001917973,200.34263633745985,202.44024658203125,54672600,-0.018542975720138744,202.0606819420142,203.70557662167374,0.01673423152167749,46.34419207276862,-0.8021386887881192,-0.9350304018405748,1,0,0,0,isolation_forest
2025-06-11,203.26930749599725,204.2681738718989,198.18508130061548,198.55465698242188,60989900,0.014456599208375831,202.5201607876971,203.54187273930785,0.017048300857115627,50.27006453489682,-0.6551381492972723,-0.8790519513319144,1,0,0,0,isolation_forest
2025-06-12,198.85432303920933,199.45363372918547,197.13627162659284,198.97418212890625,43904600,-0.021719877492448525,202.1962434378302,203.21071878824375,0.017046556045490546,44.88013610025872,-0.8846933169123474,-0.880180224448001,1,0,0,0,isolation_forest
2025-06-13,199.50357538920457,200.1428492549886,195.47814514596445,196.227294921875,51447300,0.0032649647242881663,201.74247103521932,202.90852193991876,0.013831957242734871,45.80045477205451,-1.0026700463329519,-0.9046781888249913,1,0,0,0,isolation_forest
2025-06-16,197.07634287373045,198.46476655376847,196.33717625414863,198.195068359375,43020700,-0.012166360982448166,200.857760824315,202.62484102308147,0.012818629936616258,42.915575943887646,-1.2773009034229972,-0.9792027317445926,1,0,0,0,isolation_forest
2025-06-17,196.9764419642561,198.16509536417732,194.98870767431248,195.418212890625,38856200,-0.0005069147723040235,200.03012792107194,202.43725292850564,0.01235932355742605,42.79609334615299,-1.4858806970165972,-1.0805383247989937,1,0,0,0,isolation_forest
2025-06-18,195.71787336797544,197.3460303816964,194.84886452825484,196.35714721679688,45394700,-0.0063894371516216575,198.8243521771131,202.3703149314938,0.011513352841682591,41.23839417462255,-1.7327634353243866,-1.2109833469040723,1,0,0,0,isolation_forest
2025-06-20,198.01527480684123,201.4713439140944,196.6368343380514,200.7721405029297,96813500,0.011738332321577838,198.48759127674495,202.3480352296724,0.010852848891172657,45.16217183462031,-1.7231749994414827,-1.3134216774115544,1,0,0,0,isolation_forest
2025-06-23,201.40143343464243,202.07067208145293,198.7344620242812,201.2715759277344,55814300,0.017100492025700076,198.2207521251228,202.48684247365296,0.011768153319369125,50.41743882338071,-1.4259044540169725,-1.3359182327326382,1,0,0,0,isolation_forest
2025-06-24,202.36033429336192,203.2093768046809,199.9730442780961,200.07293701171875,54064000,0.004761142174445565,198.72161087571604,202.61505041961072,0.011750932742785969,51.82537816477724,-1.1002570413333501,-1.2887859944527806,1,0,0,0,isolation_forest
2025-06-25,201.2216365357081,203.43912119943792,200.3925755811161,201.33151245117188,39525700,-0.005627079840672011,198.96704818235938,202.29807681993267,0.011659961111016918,50.00933765540541,-0.923417926122454,-1.2157123807867154,1,0,0,0,isolation_forest
2025-06-26,201.20164572639828,202.41028074115465,199.23389299836737,200.7721405029297,50799100,-9.934721560744819e-05,199.55637716131193,201.99841674723302,0.01162093507974548,49.976228117328965,-0.7759401890090203,-1.1277579424311763,1,0,0,0,isolation_forest
2025-06-27,201.66113009938155,202.98962419564967,199.7732732765776,200.85205078125,73188600,0.0022837008679745807,200.2256183234727,201.6474820197478,0.011633830749462523,50.782801637550115,-0.6148983060866442,-1.0251860151622698,1,0,0,0,isolation_forest
2025-06-30,201.7809871041056,207.15489297707504,199.0341046248948,204.9374084472656,91912800,0.0005943485721069397,201.09177742863417,201.3498194754753,0.011455815405025533,51.004722994988285,-0.47215726004600356,-0.9145802641390166,1,0,0,0,isolation_forest
2025-07-01,206.4357061767528,209.95171998702364,205.90630823197935,207.58441162109372,78788900,0.023068174754471205,202.29469619576437,201.16036745014088,0.011881455652208219,58.77832926443663,0.016374223530874588,-0.7283893666050384,1,0,0,0,isolation_forest
2025-07-02,208.6731759252599,213.09814660534315,207.9040445567577,212.1991729736328,67941800,0.010838579187417041,203.33351655156687,201.1936629530922,0.011630997521904213,61.90701344681713,0.577427824806449,-0.4672259283227409,1,0,0,0,isolation_forest
2025-07-03,211.90950026104147,214.4066662563,211.56988934364432,213.30792236328125,34955800,0.015509057747511878,204.69768311837825,201.3428268656884,0.00993855692490876,65.93446977424833,1.2685876836481498,-0.12006320592856273,1,0,0,0,isolation_forest
2025-07-07,212.43889126622693,215.9848699115094,208.563300132892,209.7119903564453,50229000,0.0024981938258235026,206.30014807988093,201.5928762037361,0.00994857480698781,66.55733755142778,1.8378684773577447,0.27152313072869877,1,0,0,0,isolation_forest
2025-07-08,209.86183643928916,211.1903153368944,208.213697736729,209.7719268798828,42848900,-0.012130805294536362,207.53731818172247,201.9055216819068,0.00994398454711856,60.73556088417543,2.05736479988326,0.628691464559611,1,0,0,0,isolation_forest
2025-07-09,209.2924745188519,211.09043707809712,206.98509558510867,210.9006500244141,48749400,-0.0027130322029845777,208.62751024164683,202.43358907611616,0.010047154135268604,59.49731634816835,2.160469915902439,0.9350471548281767,1,0,0,0,isolation_forest
2025-07-10,210.27134950514616,213.237983779078,209.7918979255535,212.1692047119141,44443600,0.004677067288466175,209.8404191560812,202.84012709247082,0.009557402300748153,60.970575075961534,2.2947164311671315,1.2069810100959677,1,0,0,0,isolation_forest
2025-07-11,210.33129628612957,211.88952536572023,209.6220944658076,210.92062377929688,39765800,0.00028509248228303363,210.39693202884928,203.17241696025286,0.009442193309974449,61.0639800702119,2.378526789687527,1.4412901660142796,1,0,0,0,isolation_forest
2025-07-14,209.69201166358403,210.670911689046,207.3047216270235,208.3834991455078,38840100,-0.003039417499124286,210.54247999146702,203.383843434467,0.008868656690886321,59.430549184168726,2.3660873936849214,1.626249611548408,1,0,0,0,isolation_forest
2025-07-15,208.9828312368767,211.64980271899068,208.6831682659836,208.8729553222656,42296300,-0.0033820097441055186,210.12438441658634,203.7118051001357,0.009004737321788265,57.590154109369465,2.2728046716812855,1.7555606235749837,1,0,0,0,isolation_forest
2025-07-16,210.06160887608692,212.1592191902425,208.40348697906975,209.92176818847656,47490500,0.005162039545667074,209.78477264656635,204.045426876798,0.008727850350653658,59.63771552226571,2.2598753459267584,1.8564235680453387,1,0,0,0,isolation_forest
2025-07-17,210.3313009439948,211.5599023237274,209.35240091776063,209.78192138671875,48068100,0.0012838712859091217,209.85183900438145,204.35241209198858,0.008696487818150656,60.15563008941795,2.2455058642607355,1.9342400272884182,1,0,0,0,isolation_forest
2025-07-18,210.63095139102305,211.54990664350103,209.46227954032304,210.9405975341797,48974600,0.0014246593145357256,210.0430499861202,204.61744439810664,0.008706548263058663,60.75813892939553,2.232561652299438,1.9939043522906224,1,0,0,0,isolation_forest
2025-07-21,211.8595616297783,215.53538252867688,211.39009321998003,212.23912048339844,51377400,0.0058329995218719954,210.2699374324962,204.90378597409727,0.008700913991291389,63.21431338424739,2.2949866716345184,2.0541208161594016,1,0,0,0,isolation_forest
2025-07-22,212.89838571641525,214.7063314773177,211.9894136266437,214.15695190429688,46404100,0.004903361824434738,210.63666449396558,205.2414030884125,0.006682239126233437,65.19779828240769,2.400610626211261,2.1234187781697735,1,0,0,0,isolation_forest
2025-07-23,214.75626907170556,214.90609293027535,212.1692088371252,213.9072265625,46989300,0.008726620209159597,211.36012983798295,205.59466860494646,0.0064940136589776605,68.47201460116744,2.604214269948841,2.219577876525587,1,0,0,0,isolation_forest
2025-07-24,213.65751035981805,215.44548969662856,213.28793468034505,213.5176696777344,46022600,-0.0051163056456370315,212.02794114126027,206.0374989132931,0.005470602424256012,64.60113748251666,2.646404871131665,2.3049432754468024,1,0,0,0,isolation_forest
2025-07-25,214.45660521718813,214.9960015887686,213.15807589620647,213.63754272460935,40268800,0.003740073803276678,212.65579776141757,206.4104088373328,0.005513633138255366,66.10203352425322,2.713047184086463,2.3865640571747346,1,0,0,0,isolation_forest
2025-07-28,213.78737619229815,214.6064539631857,212.81847455673216,213.80735778808597,37858000,-0.003120580148194607,213.14952279688947,206.90817727576908,0.004292730937539577,63.66736793619589,2.6809561146542364,2.445442468670635,1,0,0,0,isolation_forest
2025-07-29,213.93719187335407,214.5664825639156,210.58101550100253,211.03050231933597,51411700,0.000700769538988899,213.62184286579392,207.38929782524073,0.0041394325412783435,63.98714640652856,2.637212440913771,2.4837964631192624,1,0,0,0,isolation_forest
2025-07-30,211.65977882345743,212.14922883427735,207.48452469073797,208.81301879882807,45512500,-0.010645241390495608,213.59330246489097,207.8754123568983,0.005157201904869039,55.92861926307255,2.3912126533371634,2.4652797011628427,1,0,0,0,isolation_forest
2025-07-31,208.25365677749065,209.60211724381097,206.92516266487007,207.33470153808597,80698400,-0.016092438841712076,212.9297697593303,208.25131951733945,0.006800964278944154,46.496915387952015,1.8995140508186523,2.3521265710940047,1,0,0,0,isolation_forest
2025-08-01,210.63095505795985,213.33788973606852,201.27158167093611,202.1505889892578,104434500,0.011415397536136629,212.34043918593807,208.74842224033895,0.00747975564866123,52.515767053082584,1.6822752472781417,2.2181563063308323,1,0,0,0,isolation_forest
2025-08-04,204.27816503495924,207.64435521756303,201.4513712516652,203.11949157714844,75109300,-0.03016076160910197,211.0005327109582,208.95718524794287,0.011069046709281181,39.67217867494905,0.9861274050936402,1.9717505260833939,1,0,0,0,isolation_forest
2025-08-05,203.1694082424696,205.1072113881769,201.93082373064988,202.68995666503903,44155100,-0.00542768137896632,209.38807600028414,209.0161177415371,0.01093481619431372,37.92868288615337,0.34102667457844404,1.645605755782404,1,0,0,0,isolation_forest
2025-08-06,205.39689808550256,215.1358452662651,205.3569348951669,213.0082550048828,108483100,0.010963706900079195,208.18943627074194,209.11733653460846,0.011473264095224011,43.31811786226822,0.00941102789732895,1.3183668102053892,1,0,0,0,isolation_forest
2025-08-07,218.63187314031333,220.5996410833085,216.33447747046455,219.7805633544922,90224800,0.0644360999517204,208.86010502316466,209.69767775476197,0.021092068765266838,63.56215237387283,0.8052724369737234,1.215747935559056,1,0,0,0,isolation_forest
2025-08-08,220.57966572513484,230.73813503605493,219.00145500716468,229.0900115966797,113854000,0.008909005612239618,210.1343745805472,210.34361175471986,0.021141291457861585,65.51422963573108,1.5750131495751702,1.2876009783622788,1,0,0,0,isolation_forest
2025-08-11,227.9199981689453,229.55999755859372,224.75999450683597,227.17999267578125,61806100,0.03327746653201147,212.94385192218354,211.21890735703863,0.02263592530451434,71.67309975122329,2.7456910749135943,1.579218997672542,1,0,0,0,isolation_forest
2025-08-12,228.00999450683597,230.8000030517578,227.07000732421875,229.6499938964844,55626200,0.00039485933052674227,215.42657184345154,212.09320760379632,0.022643184343582545,71.73973915011703,3.6387781479317027,1.9911308277243742,1,0,0,0,isolation_forest
2025-08-13,231.07000732421875,235.0,230.42999267578125,233.3300018310547,69878500,0.013420520552185788,219.25397788477434,212.91435097537854,0.022578259284284963,73.98106321950124,4.541126271507125,2.5011299164809246,1,0,0,0,isolation_forest
2025-08-14,234.05999755859372,235.1199951171875,230.8500061035156,232.77999877929688,51916300,0.012939759118887562,223.66691921564922,213.7605783631563,0.02264609934902256,75.98524818175382,5.434861187346712,3.0878761706540825,1,0,0,0,isolation_forest
2025-08-15,234.0,234.27999877929688,229.33999633789065,231.58999633789065,56038700,-0.0002563340990324736,227.753076632006,214.49692835445495,0.02256528587609094,75.85897715033235,6.068358980696814,3.683972732662629,1,0,0,0,isolation_forest
2025-08-18,231.6999969482422,233.1199951171875,230.1100006103516,230.88999938964844,37476200,-0.009829072870759847,229.61995146171012,215.13896521052212,0.02295297921879056,70.9888101280465,6.312058045652037,4.209589795260511,1,0,0,0,isolation_forest
2025-08-19,231.27999877929688,232.8699951171875,229.3500061035156,230.55999755859372,39402600,-0.0018126809429312996,231.14857046944755,215.85290395518905,0.022580008032338734,70.10373185724549,6.397553948642354,4.64718262593688,1,0,0,0,isolation_forest
2025-08-20,229.97999572753903,230.47000122070312,225.7700042724609,226.00999450683597,42263900,-0.005620905649512675,231.44285583496094,216.5424879954786,0.021935292321781524,67.30648774524217,6.28792737336758,4.97533157542302,1,0,0,0,isolation_forest
2025-08-21,226.2700042724609,226.5200042724609,223.77999877929688,224.8999938964844,30621200,-0.016131800695715293,231.1942858014788,217.07577648772244,0.022760829099137327,59.95420650789421,5.834426580101962,5.147150576358809,1,0,0,0,isolation_forest
2025-08-22,226.1699981689453,229.08999633789065,225.41000366210935,227.75999450683597,42477800,-0.0004419768490178111,230.4942844935826,217.60373321714962,0.02046255063612431,59.764689526221396,5.404652804127949,5.198651021912637,1,0,0,0,isolation_forest
2025-08-25,226.47999572753903,229.3000030517578,226.22999572753903,227.16000366210935,30983100,0.001370639612253699,229.41142708914617,218.16333268594815,0.020211619818352997,60.18482901929566,5.031073123305333,5.165135442191176,1,0,0,0,isolation_forest
2025-08-26,226.8699951171875,229.4900054931641,224.69000244140625,229.30999755859372,54575100,0.0017220036957155127,228.3928549630301,218.7595714819585,0.02025728905847508,60.74025218947565,4.712159385956909,5.074540230944323,1,0,0,0,isolation_forest
2025-08-27,228.6100006103516,230.8999938964844,228.25999450683597,230.4900054931641,31259500,0.0076696148922881235,227.95142691476005,219.37785120643397,0.011901906260129602,63.20639980320142,4.547402230669064,4.9691126308892715,1,0,0,0,isolation_forest
2025-08-28,230.82000732421875,233.41000366210935,229.33999633789065,232.55999755859372,38074700,0.009667148016127003,227.8857138497489,220.06080808577477,0.01193128466854975,66.11760810505963,4.542793573579132,4.883848819427244,1,0,0,0,isolation_forest
2025-08-29,232.50999450683597,233.3800048828125,231.3699951171875,232.13999938964844,39418400,0.007321666792269754,228.2471422467913,220.79010952296855,0.00841543162237166,68.19030143981485,4.622226867366152,4.831524429015025,1,0,0,0,isolation_forest
2025-09-02,229.25,230.8500061035156,226.97000122070312,229.72000122070312,44075600,-0.014020879032536016,228.672855922154,221.3697908019759,0.009381970988426264,60.50171006058749,4.371729437538704,4.739565430719761,1,0,0,0,isolation_forest
2025-09-03,237.2100067138672,238.8500061035156,234.3600006103516,238.47000122070312,66427800,0.03472194858829747,230.25,222.18017816855766,0.012767504205936822,69.53436875323189,4.760636779520354,4.743779700479879,1,0,0,0,isolation_forest
2025-09-04,238.4499969482422,239.8999938964844,236.7400054931641,239.77999877929688,47549400,0.0052273942889380365,231.96000017438618,222.96996909777553,0.012418460406032637,70.65997701178627,5.110000592880425,4.817023878959989,1,0,0,0,isolation_forest
2025-09-05,240.0,241.32000732421875,238.4900054931641,239.69000244140625,54870400,0.006500327412854778,233.83571515764513,223.8480520857816,0.012480316333950563,72.05010943621643,5.449132022372481,4.943445507642488,1,0,0,0,isolation_forest
2025-09-08,239.3000030517578,240.1499938964844,236.33999633789065,237.8800048828125,48999500,-0.0029166539510091516,235.36285836356026,224.67616534693394,0.012112699140283146,70.42723602579761,5.596894701774346,5.074135346468859,1,0,0,0,isolation_forest
2025-09-09,237.0,238.77999877929688,233.3600006103516,234.3500061035156,66313900,-0.00961137911586385,236.24571446010046,225.44991947385734,0.01249346323875188,65.22842710877741,5.465404880062664,5.15238925318762,1,0,0,0,isolation_forest
2025-09-10,232.19000244140625,232.4199981689453,225.9499969482422,226.7899932861328,83440800,-0.02029534834849689,236.2000013078962,226.0583464927924,0.013720894738951496,55.930006129569485,4.916398463733316,5.105191095296759,1,0,0,0,isolation_forest
2025-09-11,226.8800048828125,230.4499969482422,226.6499938964844,230.02999877929688,50208600,-0.022869191191527527,235.86143057686942,226.56568736143757,0.014457681382505685,47.82487108524359,4.006648349812735,4.885482546199954,1,0,0,0,isolation_forest
2025-09-12,229.22000122070312,234.50999450683597,229.0200042724609,234.07000732421875,55776500,0.010313805921765784,234.72000122070312,227.26456550954467,0.014699605631898854,51.18223790930259,3.4348877308199235,4.595363583123948,1,0,0,0,isolation_forest
